seq_name	cluster_num
AB088224	0
AB088224	0
AB597522	0
AB597522	0
AB905437	1
AB905437	1
AF038453	2
AF038454	2
AF038455	2
AF038456	2
AF038457	2
AP017380	2
AP017380	2
AP018517	0
AP018517	0
AY044253	2
AY211023	2
AY211023	2
AY225511	3
AY225511	2
BA000030	2
BA000030	2
CP002047	2
CP002047	2
CP002476	4
CP002476	5
CP003988	4
CP003988	4
CP006259	2
CP006259	2
CP006260	3
CP006260	6
CP006261	7
CP006261	8
CP009124	2
CP009124	2
CP009438	2
CP009438	2
CP009439	2
CP009439	2
CP012382	2
CP012382	2
CP013738	2
CP013738	2
CP013739	2
CP013739	2
CP015866	2
CP015866	2
CP015867	2
CP015867	2
CP023992	1
CP023992	2
CP024985	9
CP024985	9
CP024986	6
CP024986	9
CP029624	2
CP029624	2
CP048261	4
CP048261	4
CP048262	4
CP048262	4
CP107730	10
CP107730	11
CP107731	2
CP107731	2
CP107732	0
CP107732	0
CP107733	12
CP107733	12
CP107734	13
CP107734	13
CP107735	2
CP107735	2
CP107736	2
CP107736	2
CP107737	14
CP107737	14
CP107738	15
CP107738	15
CP107739	16
CP107739	16
CP107741	17
CP107741	17
CP107742	2
CP107742	2
CP107746	18
CP107746	18
CP107747	19
CP107747	19
CP107748	18
CP107748	18
CP107749	17
CP107749	17
CP107750	17
CP107750	17
CP107755	17
CP107755	17
CP107758	20
CP107758	9
CP107759	21
CP107759	22
CP107760	12
CP107760	12
CP107761	23
CP107761	23
CP107762	10
CP107762	24
CP107763	25
CP107763	26
CP107764	17
CP107764	27
CP107765	28
CP107765	28
CP107766	10
CP107766	10
CP107768	10
CP107768	10
CP107772	2
CP107772	23
CP107773	29
CP107773	29
CP107780	30
CP107780	30
CP107782	12
CP107782	12
CP107783	31
CP107783	31
CP107784	2
CP107784	2
CP107786	32
CP107786	33
CP107787	34
CP107787	35
CP107788	36
CP107788	37
CP107789	38
CP107789	39
CP107790	40
CP107790	41
CP107791	18
CP107791	18
CP107793	2
CP107793	2
CP107794	2
CP107794	2
CP107795	2
CP107795	2
CP107796	0
CP107796	0
CP107797	42
CP107797	42
CP107798	17
CP107798	43
CP107799	44
CP107799	45
CP107800	13
CP107800	46
CP107809	12
CP107809	12
CP107811	9
CP107811	9
CP107812	9
CP107812	9
CP107813	30
CP107813	30
CP107814	30
CP107814	30
CP107815	14
CP107815	14
CP107816	16
CP107816	16
CP107819	47
CP107819	47
CP107820	47
CP107820	48
CP107823	6
CP107823	6
CP107824	6
CP107824	6
CP107834	49
CP107834	50
CP107835	51
CP107835	50
CP107836	52
CP107836	52
CP107837	52
CP107837	52
CP107838	29
CP107838	29
CP107839	17
CP107839	17
CP107841	2
CP107841	2
CP107844	53
CP107844	53
CP107845	54
CP107845	54
CP107846	55
CP107846	55
CP107847	54
CP107847	54
CP107851	18
CP107851	18
CP107855	56
CP107855	57
CP107856	56
CP107856	58
CP107857	59
CP107857	59
CP107858	4
CP107858	4
CP107859	60
CP107859	4
CP107860	61
CP107860	61
CP107861	2
CP107861	2
CP107862	2
CP107862	2
CP107863	10
CP107863	10
CP107864	10
CP107864	62
CP107865	53
CP107865	53
CP107866	25
CP107866	25
CP107867	17
CP107867	17
CP107868	13
CP107868	63
CP107869	64
CP107869	65
CP107870	66
CP107870	64
CP107871	31
CP107871	31
CP107872	67
CP107872	67
CP107873	68
CP107873	69
CP107875	70
CP107875	70
CP107876	69
CP107876	69
CP107877	53
CP107877	53
CP107878	17
CP107878	17
CP107879	17
CP107879	17
CP107880	2
CP107880	2
CP107883	71
CP107883	71
CP107884	30
CP107884	30
CP107885	12
CP107885	12
CP107887	68
CP107887	68
CP107888	14
CP107888	14
CP107889	17
CP107889	17
CP107890	72
CP107890	73
CP107891	74
CP107891	75
CP107894	2
CP107894	2
CP107895	76
CP107895	2
CP107896	77
CP107896	78
CP107897	79
CP107897	79
CP107898	80
CP107898	77
CP107899	81
CP107899	82
CP107900	82
CP107900	82
CP107901	82
CP107901	82
CP107902	83
CP107902	83
CP107903	2
CP107903	2
CP107905	62
CP107905	62
CP107906	84
CP107906	84
CP107907	85
CP107907	85
CP107909	86
CP107909	87
CP107910	17
CP107910	17
CP107911	53
CP107911	53
CP107913	88
CP107913	89
CP107914	62
CP107914	62
CP107915	90
CP107915	90
CP107916	91
CP107916	91
CP107917	2
CP107917	92
CP107918	2
CP107918	2
CP107919	52
CP107919	93
CP107920	94
CP107920	95
CP107921	2
CP107921	2
CP107922	2
CP107922	2
CP107924	96
CP107924	97
CP107925	98
CP107925	99
CP107926	18
CP107926	18
CP107928	2
CP107928	2
CP107933	15
CP107933	15
CP107935	13
CP107935	13
CP107940	23
CP107940	23
CP107944	35
CP107944	100
CP107945	101
CP107945	101
CP107948	3
CP107948	102
CP107949	2
CP107949	2
CP107950	91
CP107950	91
CP107952	103
CP107952	103
CP107955	104
CP107955	71
CP107957	91
CP107957	91
CP107958	2
CP107958	2
CP107960	105
CP107960	106
CP107961	105
CP107961	105
CP107962	105
CP107962	107
CP107963	108
CP107963	108
CP107967	2
CP107967	2
CP107968	2
CP107968	2
CP107971	109
CP107971	17
CP107972	30
CP107972	2
CP107976	2
CP107976	2
CP107977	110
CP107977	111
CP107978	2
CP107978	2
CP107981	17
CP107981	17
CP107983	47
CP107983	112
CP107984	47
CP107984	113
CP107985	12
CP107985	12
CP107986	10
CP107986	10
CP107987	10
CP107987	10
CP107989	10
CP107989	10
CP107990	2
CP107990	10
CP107991	10
CP107991	114
CP107993	115
CP107993	10
CP107996	18
CP107996	18
CP107997	18
CP107997	18
CP107998	35
CP107998	35
CP107999	25
CP107999	10
CP108000	116
CP108000	116
CP108001	116
CP108001	25
CP108005	18
CP108005	18
CP108006	20
CP108006	47
CP108007	117
CP108007	47
CP108008	2
CP108008	0
CP108009	0
CP108009	0
CP108011	71
CP108011	71
CP108013	91
CP108013	118
CP108016	119
CP108016	119
CP108017	70
CP108017	67
CP108018	10
CP108018	120
CP108019	10
CP108019	10
CP108023	2
CP108023	2
CP108024	2
CP108024	2
CP108029	2
CP108029	2
CP108030	17
CP108030	17
CP108032	2
CP108032	2
CP108033	116
CP108033	59
CP108034	116
CP108034	116
CP108035	116
CP108035	116
CP108036	67
CP108036	67
CP108038	54
CP108038	54
CP108039	2
CP108039	2
CP108040	2
CP108040	2
CP108046	62
CP108046	62
CP108047	13
CP108047	13
CP108048	13
CP108048	13
CP108049	54
CP108049	54
CP108050	121
CP108050	122
CP108051	123
CP108051	124
CP108052	125
CP108052	125
CP108053	28
CP108053	28
CP108054	10
CP108054	10
CP108055	62
CP108055	62
CP108057	126
CP108057	127
CP108058	127
CP108058	113
CP108059	2
CP108059	128
CP108060	129
CP108060	129
CP108061	130
CP108061	131
CP108062	25
CP108062	25
CP108063	25
CP108063	25
CP108064	25
CP108064	25
CP108065	10
CP108065	10
CP108066	0
CP108066	0
CP108067	53
CP108067	53
CP108068	20
CP108068	20
CP108069	127
CP108069	132
CP108070	133
CP108070	133
CP108071	25
CP108071	134
CP108072	135
CP108072	23
CP108073	2
CP108073	2
CP108074	2
CP108074	2
CP108075	136
CP108075	136
CP108076	2
CP108076	2
CP108078	137
CP108078	138
CP108079	62
CP108079	62
CP108080	30
CP108080	30
CP108081	139
CP108081	139
CP108082	140
CP108082	140
CP108083	140
CP108083	10
CP108087	141
CP108087	141
CP108088	142
CP108088	143
CP108089	142
CP108089	142
CP108090	53
CP108090	53
CP108091	68
CP108091	68
CP108093	144
CP108093	145
CP108095	146
CP108095	147
CP108096	148
CP108096	148
CP108097	146
CP108097	9
CP108100	2
CP108100	2
CP108102	149
CP108102	149
CP108103	68
CP108103	68
CP108105	150
CP108105	150
CP108106	17
CP108106	17
CP108107	43
CP108107	17
CP108108	151
CP108108	17
CP108109	152
CP108109	152
CP108111	153
CP108111	153
CP108113	118
CP108113	91
CP108114	62
CP108114	62
CP108115	2
CP108115	9
CP108116	2
CP108116	154
CP108118	20
CP108118	20
CP108119	127
CP108119	127
CP108120	155
CP108120	155
CP108121	95
CP108121	52
CP108122	95
CP108122	95
CP108123	18
CP108123	18
CP108125	105
CP108125	105
CP108126	128
CP108126	128
CP108127	62
CP108127	62
CP108128	156
CP108128	156
CP108130	155
CP108130	155
CP108131	157
CP108131	157
CP108132	157
CP108132	157
CP108133	12
CP108133	12
CP108135	30
CP108135	30
CP108136	30
CP108136	158
CP108137	159
CP108137	160
CP108138	161
CP108138	162
CP108139	163
CP108139	2
CP108140	30
CP108140	30
CP108142	164
CP108142	164
CP108143	25
CP108143	25
CP108144	25
CP108144	25
CP108145	165
CP108145	165
CP108146	25
CP108146	25
CP108147	149
CP108147	149
CP108148	70
CP108148	70
CP108152	47
CP108152	47
CP108153	53
CP108153	53
CP108154	166
CP108154	167
CP108156	47
CP108156	47
CP108157	47
CP108157	20
CP108159	0
CP108159	0
CP108161	47
CP108161	47
CP108162	127
CP108162	20
CP108163	127
CP108163	168
CP108164	71
CP108164	71
CP108169	169
CP108169	30
CP108172	35
CP108172	84
CP108173	10
CP108173	25
CP108174	31
CP108174	31
CP108175	2
CP108175	2
CP108176	78
CP108176	78
CP108177	152
CP108177	152
CP108179	10
CP108179	10
CP108180	10
CP108180	10
CP108181	31
CP108181	68
CP108183	155
CP108183	155
CP108184	70
CP108184	70
CP108185	54
CP108185	2
CP108188	25
CP108188	25
CP108189	170
CP108189	25
CP108190	25
CP108190	170
CP108191	171
CP108191	171
CP108192	172
CP108192	172
CP108193	173
CP108193	174
CP108194	18
CP108194	18
CP108195	175
CP108195	175
CP108196	176
CP108196	177
CP108197	178
CP108197	179
CP108198	180
CP108198	180
CP108199	2
CP108199	2
CP108200	2
CP108200	2
CP108201	83
CP108201	83
CP108203	181
CP108203	182
CP108205	4
CP108205	4
CP108206	180
CP108206	180
CP108207	25
CP108207	25
CP108213	25
CP108213	25
CP108214	25
CP108214	68
CP108215	53
CP108215	53
CP108217	3
CP108217	3
CP108218	2
CP108218	2
CP108219	2
CP108219	2
CP108221	183
CP108221	184
CP108222	61
CP108222	17
CP108223	31
CP108223	31
CP108224	15
CP108224	15
CP108225	25
CP108225	25
CP108226	25
CP108226	25
CP108227	10
CP108227	10
CP108228	10
CP108228	10
CP108230	15
CP108230	15
CP108231	15
CP108231	15
CP108232	15
CP108232	15
CP108233	181
CP108233	181
CP108234	68
CP108234	68
CP108235	118
CP108235	118
CP108236	25
CP108236	25
CP108237	17
CP108237	28
CP108238	185
CP108238	185
CP108239	186
CP108239	187
CP108240	30
CP108240	188
CP108241	189
CP108241	30
CP108242	190
CP108242	190
CP108243	28
CP108243	28
CP108244	127
CP108244	127
CP108245	127
CP108245	20
CP108246	14
CP108246	14
CP108249	191
CP108249	127
CP108253	17
CP108253	17
CP108254	43
CP108254	17
CP108255	17
CP108255	192
CP108256	193
CP108256	193
CP108257	193
CP108257	25
CP108258	194
CP108258	194
CP108259	52
CP108259	54
CP108260	195
CP108260	195
CP108261	140
CP108261	105
CP108262	105
CP108262	105
CP108263	105
CP108263	105
CP108264	196
CP108264	197
CP108265	198
CP108265	199
CP108266	171
CP108266	171
CP108267	157
CP108267	157
CP108268	200
CP108268	140
CP108269	105
CP108269	105
CP108270	140
CP108270	201
CP108271	202
CP108271	26
CP108272	127
CP108272	127
CP108273	15
CP108273	15
CP108274	15
CP108274	15
CP108275	15
CP108276	17
CP108276	105
CP108277	17
CP108277	17
CP108280	17
CP108280	203
CP108281	4
CP108281	4
CP108282	4
CP108282	4
CP108283	17
CP108283	105
CP108284	43
CP108284	17
CP108286	17
CP108286	203
CP108287	67
CP108287	67
CP108288	174
CP108288	174
CP108291	30
CP108291	30
CP108292	68
CP108292	68
CP108293	13
CP108293	13
CP108294	13
CP108294	13
CP108295	105
CP108295	204
CP108296	205
CP108296	206
CP108297	207
CP108297	17
CP108298	53
CP108298	53
CP108299	10
CP108299	10
CP108300	10
CP108300	10
CP108301	105
CP108301	105
CP108302	208
CP108302	17
CP108303	208
CP108303	208
CP108304	10
CP108304	10
CP108305	25
CP108305	10
CP108306	128
CP108306	128
CP108307	128
CP108307	25
CP108308	209
CP108308	209
CP108309	140
CP108309	140
CP108310	105
CP108310	105
CP108311	105
CP108311	201
CP108312	210
CP108312	210
CP108313	211
CP108313	2
CP108314	2
CP108314	212
CP108315	54
CP108315	213
CP108316	105
CP108316	105
CP108317	214
CP108317	214
CP108318	10
CP108318	215
CP108319	216
CP108319	217
CP108320	218
CP108320	219
CP108321	220
CP108321	220
CP108322	10
CP108322	10
CP108323	2
CP108323	2
CP108324	42
CP108324	42
CP108325	42
CP108325	42
CP108326	42
CP108326	42
CP108329	2
CP108329	2
CP108330	42
CP108330	42
CP108333	221
CP108333	17
CP108334	68
CP108334	68
CP108335	68
CP108335	68
CP108336	222
CP108336	222
CP108339	2
CP108339	2
CP108341	2
CP108341	2
CP108342	12
CP108342	12
CP108343	2
CP108343	2
CP108344	42
CP108344	2
CP108345	17
CP108345	17
CP108346	150
CP108346	150
CP108347	2
CP108347	2
CP108348	2
CP108348	2
CP108349	42
CP108349	223
CP108350	224
CP108350	224
CP108351	225
CP108351	4
CP108352	194
CP108352	42
CP108354	10
CP108354	10
CP108356	127
CP108356	127
CP108357	127
CP108357	127
CP108358	226
CP108358	227
CP108359	4
CP108359	4
CP108360	228
CP108360	228
CP108361	4
CP108361	4
CP108362	47
CP108362	47
CP108363	229
CP108363	229
CP108364	52
CP108364	52
CP108365	133
CP108365	133
CP108366	230
CP108366	133
CP108367	91
CP108367	91
CP108368	231
CP108368	231
CP108369	232
CP108369	232
CP108370	233
CP108370	82
CP108371	234
CP108371	82
CP108373	235
CP108373	236
CP108376	17
CP108376	17
CP108378	237
CP108378	237
CP108379	238
CP108379	238
CP108380	238
CP108380	238
CP108382	13
CP108382	13
CP108385	239
CP108385	240
CP108386	2
CP108386	59
CP108387	241
CP108387	242
CP108388	243
CP108388	91
CP108390	18
CP108390	18
CP108391	244
CP108391	18
CP108392	245
CP108392	245
CP108393	0
CP108393	0
CP108396	230
CP108396	246
CP108399	247
CP108399	247
CP108413	25
CP108413	25
CP108414	20
CP108414	248
CP108416	9
CP108416	9
CP108417	0
CP108417	249
CP108419	2
CP108419	2
CP108422	4
CP108422	4
CP108427	54
CP108427	2
CP108430	105
CP108430	250
CP108431	251
CP108431	252
CP108432	253
CP108432	254
CP108433	255
CP108433	256
CP108434	257
CP108434	258
CP108435	13
CP108435	13
CP108436	72
CP108436	72
CP108437	259
CP108437	260
CP108438	26
CP108438	26
CP108439	127
CP108439	127
CP108440	127
CP108440	127
CP108442	127
CP108442	20
CP108443	20
CP108443	47
CP108444	117
CP108444	261
CP108445	127
CP108445	9
CP108446	54
CP108446	54
CP108447	238
CP108447	238
CP108450	238
CP108450	238
CP108451	238
CP108451	238
CP108452	82
CP108452	82
CP108453	4
CP108453	4
CP108454	68
CP108454	31
CP108455	18
CP108455	142
CP108456	262
CP108456	262
CP108457	262
CP108457	234
CP108462	263
CP108462	263
CP108463	12
CP108463	12
CP108464	54
CP108464	54
CP108465	54
CP108465	54
CP108466	264
CP108466	265
CP108467	3
CP108467	116
CP108468	116
CP108468	266
CP108471	267
CP108471	268
CP108473	2
CP108473	2
CP108474	25
CP108474	269
CP108475	25
CP108475	25
CP108477	2
CP108477	2
CP108478	270
CP108478	2
CP108479	271
CP108479	272
CP108480	273
CP108480	274
CP108481	275
CP108481	276
CP108488	47
CP108488	47
CP108489	117
CP108489	277
CP108491	105
CP108491	278
CP108492	105
CP108492	105
CP108493	105
CP108493	105
CP108494	279
CP108494	280
CP108495	281
CP108495	282
CP108497	10
CP108497	10
CP108499	262
CP108499	262
CP108512	17
CP108512	17
CP108513	30
CP108513	30
CP108514	54
CP108514	54
CP108515	283
CP108515	54
CP108517	284
CP108517	285
CP108518	68
CP108518	68
CP108519	286
CP108519	287
CP108520	68
CP108520	68
CP108521	288
CP108521	289
CP108522	262
CP108522	262
CP108523	195
CP108523	195
CP108524	25
CP108524	25
CP108525	25
CP108525	25
CP108526	25
CP108526	25
CP108529	290
CP108529	290
CP108530	290
CP108530	290
CP108531	291
CP108531	2
CP108532	2
CP108532	2
CP108534	292
CP108534	293
CP108536	59
CP108536	59
CP108537	59
CP108537	59
CP108538	2
CP108538	2
CP108539	283
CP108539	54
CP108540	2
CP108540	2
CP108541	4
CP108541	4
CP108543	4
CP108543	4
CP108544	294
CP108544	295
CP108545	296
CP108545	296
CP108546	2
CP108546	2
CP108547	2
CP108547	2
CP108548	262
CP108548	2
CP108549	105
CP108549	105
CP108550	2
CP108550	2
CP108551	297
CP108551	4
CP108553	298
CP108553	299
CP108554	300
CP108554	300
CP108555	301
CP108555	68
CP108558	9
CP108558	9
CP108560	302
CP108560	20
CP108565	4
CP108565	303
CP108566	4
CP108566	4
CP108568	88
CP108568	52
CP108569	304
CP108569	304
CP108571	59
CP108571	59
CP108573	305
CP108573	305
CP108575	91
CP108575	91
CP108576	91
CP108576	91
CP108577	54
CP108577	54
CP108578	306
CP108578	54
CP108579	307
CP108579	306
CP108580	308
CP108580	309
CP108582	310
CP108582	310
CP108583	250
CP108583	43
CP108585	310
CP108585	310
CP108586	17
CP108586	311
CP108587	3
CP108587	2
CP108588	2
CP108588	2
CP108589	312
CP108589	312
CP108591	17
CP108591	313
CP108592	208
CP108592	105
CP108593	314
CP108593	208
CP108594	25
CP108594	230
CP108595	315
CP108595	316
CP108598	317
CP108598	318
CP108599	319
CP108599	320
CP108600	62
CP108600	62
CP108601	25
CP108601	25
CP108602	91
CP108602	91
CP108605	91
CP108605	91
CP108606	4
CP108606	4
CP108608	4
CP108608	4
CP108609	321
CP108609	321
CP108610	238
CP108610	238
CP108611	91
CP108611	91
CP108612	322
CP108612	2
CP108613	323
CP108613	323
CP108614	4
CP108614	4
CP108616	53
CP108616	53
CP108617	53
CP108617	53
CP108618	14
CP108618	14
CP108619	305
CP108619	305
CP108620	68
CP108620	68
CP108621	67
CP108621	67
CP108623	324
CP108623	325
CP108625	326
CP108625	326
CP108627	20
CP108627	127
CP108628	14
CP108628	14
CP108630	324
CP108630	324
CP108632	327
CP108632	327
CP108633	25
CP108633	25
CP108634	328
CP108634	328
CP108635	54
CP108635	54
CP108638	329
CP108638	329
CP108639	25
CP108639	25
CP108640	91
CP108640	91
CP108641	4
CP108641	194
CP108642	330
CP108642	330
CP108643	3
CP108643	3
CP108644	331
CP108644	332
CP108645	333
CP108645	30
CP108647	238
CP108647	238
CP108649	334
CP108649	334
CP108651	59
CP108651	59
CP108652	335
CP108652	336
CP108653	238
CP108653	238
CP108654	25
CP108654	25
CP108655	25
CP108655	25
CP108657	25
CP108657	25
CP108659	62
CP108659	62
CP108660	337
CP108660	337
CP108661	4
CP108661	4
CP108662	4
CP108662	4
CP108664	2
CP108664	2
CP108665	338
CP108665	2
CP108666	4
CP108666	4
CP108667	2
CP108667	2
CP108668	262
CP108668	262
CP108669	339
CP108669	339
CP108670	91
CP108670	91
CP108671	78
CP108671	78
CP108672	30
CP108672	30
CP108673	340
CP108673	341
CP108676	30
CP108676	30
CP108677	2
CP108677	2
CP108678	29
CP108678	29
CP108679	54
CP108679	342
CP108680	2
CP108680	3
CP108681	30
CP108681	30
CP108682	343
CP108682	343
CP108683	10
CP108683	10
CP108684	30
CP108684	30
CP108685	2
CP108685	2
CP108686	262
CP108686	344
CP108687	2
CP108687	2
CP108688	54
CP108688	54
CP108690	345
CP108690	345
CP108691	12
CP108691	346
CP108692	296
CP108692	82
CP108693	296
CP108693	296
CP108694	4
CP108694	296
CP108700	9
CP108700	9
CP108701	9
CP108701	9
CP108702	127
CP108702	127
CP108703	140
CP108703	140
CP108704	140
CP108704	140
CP108707	201
CP108707	201
CP108708	201
CP108708	201
CP108709	10
CP108709	10
CP108710	10
CP108710	220
CP108711	347
CP108711	348
CP108712	349
CP108712	350
CP108713	351
CP108713	352
CP108714	353
CP108714	127
CP108715	354
CP108715	355
CP108716	356
CP108716	174
CP108717	357
CP108717	358
CP108718	2
CP108718	2
CP108719	0
CP108719	2
CP108720	127
CP108720	359
CP108721	360
CP108721	127
CP108722	278
CP108722	361
CP108723	362
CP108723	362
CP108724	363
CP108724	363
CP108725	364
CP108725	365
CP108726	366
CP108726	366
CP108728	190
CP108728	190
CP108729	25
CP108729	25
CP108730	367
CP108730	62
CP108731	105
CP108731	105
CP108732	105
CP108732	105
CP108733	149
CP108733	149
CP108734	140
CP108734	140
CP108735	140
CP108735	140
CP108736	140
CP108736	140
CP108737	368
CP108737	30
CP108739	369
CP108739	369
CP108740	370
CP108740	322
CP108741	371
CP108741	371
CP108743	15
CP108743	15
CP108745	2
CP108745	2
CP108746	2
CP108746	54
CP108765	30
CP108765	30
CP108768	372
CP108768	127
CP108769	67
CP108769	47
CP108770	127
CP108770	67
CP108771	373
CP108771	55
CP108772	374
CP108772	374
CP108773	18
CP108773	18
CP108774	375
CP108774	376
CP108776_embleya	377
CP108776_rc_embleya	377
CP108779	378
CP108779	378
CP108780	95
CP108780	95
CP108781	378
CP108781	378
CP108782	95
CP108782	95
CP108784_embleya	379
CP108784_embleya	379
CP108788	380
CP108788	380
CP108789	0
CP108789	0
CP108790	381
CP108790	2
CP108791	382
CP108791	383
CP108792	71
CP108792	71
CP108793	384
CP108793	385
CP108795	386
CP108795	387
CP108796	155
CP108796	388
CP108797	84
CP108797	84
CP108799	155
CP108799	155
CP108800	52
CP108800	52
CP108801	52
CP108801	389
CP108803	18
CP108803	2
CP108806	30
CP108806	30
CP108807	30
CP108807	2
CP108808	1
CP108808	1
CP108810	378
CP108810	378
CP108811	95
CP108811	95
CP108812	378
CP108812	378
CP108813	95
CP108813	95
CP108814	171
CP108814	171
CP108815	390
CP108815	127
CP108816	157
CP108816	157
CP108817	4
CP108817	4
CP108818	391
CP108818	391
CP108819	392
CP108819	392
CP108820	13
CP108820	13
CP108821	2
CP108821	2
CP108826	393
CP108826	393
CP108829	2
CP108829	18
CP108830	18
CP108830	2
CP108831	133
CP108831	394
CP108832	12
CP108832	12
CP108837	70
CP108837	395
CP108838	396
CP108838	397
CP108839	398
CP108839	398
CP108840	399
CP108840	400
CP108841	118
CP108841	401
CP108842	402
CP108842	403
CP108846	404
CP108846	404
CP108847	404
CP108847	404
CP108849	30
CP108849	278
CP108850	2
CP108850	2
CP108856	405
CP108856	405
CP108857	18
CP108857	18
CP108858	406
CP108858	406
CP108859	407
CP108859	407
CP108860	408
CP108861	4
CP108861	4
CP108862	4
CP108862	4
CP108863	53
CP108863	53
CP108864	53
CP108864	53
CP108865	409
CP108865	410
CP108867	12
CP108867	12
CP108868	14
CP108868	411
CP108869	412
CP108869	14
CP108872	413
CP108872	84
CP108873	414
CP108873	414
CP108874	201
CP108874	201
CP108875	414
CP108875	414
CP108876	415
CP108876	414
CP108877	414
CP108877	414
CP108878	416
CP108878	414
CP108879	414
CP108879	414
CP108882	91
CP108882	91
CP108895	2
CP108895	2
CP108938	61
CP108938	61
CP108971	2
CP108971	2
CP108974	2
CP108974	2
CP108978	12
CP108978	12
CP108980	2
CP108980	2
CP108981	101
CP108981	101
CP108982	101
CP108982	101
CP108983	95
CP108983	95
CP108984	95
CP108984	262
CP108985	18
CP108985	18
CP108986	19
CP108986	19
CP108987	25
CP108987	25
CP108988	25
CP108988	10
CP108989	231
CP108989	231
CP108990	10
CP108990	10
CP108991	10
CP108991	10
CP108992	105
CP108992	105
CP108993	53
CP108993	53
CP108994	53
CP108994	53
CP108995	2
CP108995	2
CP108997	101
CP108997	101
CP108998	101
CP108998	101
CP108999	417
CP108999	52
CP109000	418
CP109000	25
CP109001	419
CP109001	25
CP109002	420
CP109002	10
CP109003	362
CP109003	362
CP109004	12
CP109004	12
CP109007	52
CP109007	2
CP109008	421
CP109009	2
CP109009	72
CP109010	2
CP109010	2
CP109011	105
CP109011	105
CP109012	278
CP109012	278
CP109013	78
CP109013	78
CP109017	2
CP109017	422
CP109018	18
CP109018	423
CP109019	424
CP109019	105
CP109020	424
CP109020	424
CP109022	20
CP109022	47
CP109023	47
CP109023	20
CP109024	17
CP109024	17
CP109025	47
CP109025	425
CP109026	47
CP109026	426
CP109027	65
CP109027	65
CP109028	13
CP109028	13
CP109030	105
CP109030	105
CP109031	65
CP109031	65
CP109032	427
CP109032	427
CP109033	363
CP109033	363
CP109034	30
CP109034	30
CP109035	428
CP109035	428
CP109037	31
CP109037	31
CP109038	424
CP109038	424
CP109039	17
CP109039	424
CP109040	118
CP109040	118
CP109041	62
CP109041	62
CP109044	25
CP109044	25
CP109045	148
CP109045	148
CP109046	53
CP109046	53
CP109047	148
CP109047	148
CP109048	429
CP109048	430
CP109049	431
CP109049	431
CP109050	12
CP109050	12
CP109051	119
CP109051	432
CP109052	25
CP109052	305
CP109055	433
CP109055	433
CP109056	434
CP109056	434
CP109057	435
CP109057	435
CP109059	2
CP109059	2
CP109060	2
CP109060	2
CP109072	78
CP109072	78
CP109073	436
CP109073	436
CP109075	91
CP109075	91
CP109076	437
CP109076	437
CP109077	2
CP109077	2
CP109079	310
CP109079	310
CP109080	311
CP109080	311
CP109081	12
CP109081	12
CP109083	12
CP109083	50
CP109085	238
CP109085	238
CP109086	238
CP109086	238
CP109088	238
CP109088	238
CP109089	438
CP109089	439
CP109090	42
CP109090	42
CP109091	440
CP109091	30
CP109092	2
CP109092	2
CP109093	2
CP109093	30
CP109094	441
CP109094	442
CP109095	17
CP109095	17
CP109097	62
CP109097	62
CP109098	62
CP109098	443
CP109099	444
CP109099	445
CP109100	446
CP109100	62
CP109101	447
CP109101	448
CP109102	2
CP109102	2
CP109104	310
CP109104	310
CP109105	310
CP109105	311
CP109106	2
CP109106	2
CP109108	43
CP109108	43
CP109109	2
CP109109	2
CP109110	23
CP109110	2
CP109111	121
CP109111	122
CP109112	2
CP109112	2
CP109113	2
CP109113	2
CP109114	54
CP109114	54
CP109115	105
CP109115	105
CP109116	105
CP109116	105
CP109117	0
CP109117	0
CP109118	344
CP109118	344
CP109119	449
CP109119	344
CP109120	450
CP109120	262
CP109121	451
CP109121	451
CP109122	133
CP109122	452
CP109123	133
CP109123	133
CP109124	18
CP109124	18
CP109125	453
CP109125	453
CP109126	59
CP109126	453
CP109127	70
CP109127	454
CP109132	155
CP109132	155
CP109133	4
CP109133	455
CP109135	456
CP109135	456
CP109136	452
CP109136	452
CP109137	12
CP109137	12
CP109140	181
CP109140	181
CP109142	238
CP109142	25
CP109143	238
CP109143	457
CP109144	458
CP109144	458
CP109145	459
CP109145	459
CP109146	2
CP109146	2
CP109147	2
CP109147	2
CP109148	259
CP109148	259
CP109154	190
CP109154	190
CP109155	2
CP109155	0
CP109157	105
CP109157	105
CP109158	105
CP109158	105
CP109160	140
CP109160	17
CP109161	460
CP109161	140
CP109163	18
CP109163	18
CP109164	461
CP109164	462
CP109165	463
CP109165	464
CP109167	226
CP109167	9
CP109168	54
CP109168	465
CP109169	2
CP109169	2
CP109170	452
CP109170	452
CP109171	2
CP109171	2
CP109173	238
CP109173	466
CP109174	18
CP109174	467
CP109175	468
CP109175	469
CP109176	470
CP109176	471
CP109177	472
CP109177	473
CP109178	2
CP109178	2
CP109179	2
CP109179	2
CP109181	474
CP109181	474
CP109182	12
CP109182	12
CP109183	62
CP109183	62
CP109184	17
CP109184	250
CP109185	105
CP109185	250
CP109188	2
CP109188	475
CP109189	2
CP109189	4
CP109190	195
CP109190	18
CP109191	18
CP109191	18
CP109192	476
CP109192	18
CP109193	17
CP109193	17
CP109194	105
CP109194	105
CP109195	105
CP109195	105
CP109197	105
CP109197	17
CP109198	17
CP109198	17
CP109200	477
CP109200	477
CP109201	458
CP109201	458
CP109202	2
CP109202	2
CP109203	238
CP109203	238
CP109204	238
CP109204	238
CP109205	2
CP109205	3
CP109206	3
CP109206	2
CP109207	2
CP109207	2
CP109208	29
CP109208	29
CP109209	478
CP109209	478
CP109210	2
CP109210	2
CP109211	2
CP109211	2
CP109212	424
CP109212	424
CP109215	479
CP109215	479
CP109216	230
CP109216	480
CP109218	42
CP109218	2
CP109219	1
CP109219	1
CP109220	62
CP109220	62
CP109221	62
CP109221	62
CP109222	17
CP109222	105
CP109223	17
CP109223	17
CP109224	238
CP109224	238
CP109226	54
CP109226	25
CP109227	54
CP109227	25
CP109228	2
CP109228	2
CP109229	481
CP109229	482
CP109230	483
CP109230	62
CP109231	91
CP109231	484
CP109232	485
CP109232	486
CP109233	43
CP109233	487
CP109234	0
CP109234	0
CP109235	238
CP109235	238
CP109237	328
CP109237	328
CP109238	238
CP109238	238
CP109239	25
CP109239	25
CP109242	488
CP109242	228
CP109243	238
CP109243	238
CP109244	25
CP109244	25
CP109245	23
CP109245	23
CP109246	489
CP109246	2
CP109248	490
CP109248	2
CP109249	155
CP109249	155
CP109250	155
CP109250	155
CP109252	59
CP109252	59
CP109253	59
CP109253	59
CP109254	452
CP109254	452
CP109255	4
CP109255	4
CP109256	491
CP109256	491
CP109257	59
CP109257	491
CP109258	140
CP109258	140
CP109259	140
CP109259	140
CP109260	25
CP109260	25
CP109261	492
CP109261	492
CP109262	4
CP109262	4
CP109263	4
CP109263	4
CP109264	228
CP109264	228
CP109266	54
CP109266	54
CP109267	18
CP109267	18
CP109268	4
CP109268	4
CP109269	296
CP109269	4
CP109270	238
CP109270	238
CP109271	25
CP109271	25
CP109274	452
CP109274	452
CP109275	2
CP109275	2
CP109276	493
CP109276	494
CP109277	118
CP109277	118
CP109278	495
CP109278	496
CP109279	4
CP109279	4
CP109280	497
CP109280	498
CP109281	238
CP109281	238
CP109282	25
CP109282	227
CP109283	4
CP109283	4
CP109284	4
CP109284	4
CP109287	29
CP109287	29
CP109290	499
CP109290	499
CP109291	500
CP109291	500
CP109293	190
CP109293	501
CP109294	238
CP109294	238
CP109295	502
CP109295	25
CP109296	2
CP109296	2
CP109297	4
CP109297	4
CP109298	23
CP109298	23
CP109301	17
CP109301	17
CP109302	10
CP109302	10
CP109303	28
CP109303	28
CP109304	430
CP109304	430
CP109308	43
CP109308	487
CP109309	4
CP109309	4
CP109310	4
CP109310	4
CP109311	25
CP109311	25
CP109312	71
CP109312	71
CP109313	195
CP109313	195
CP109314	2
CP109314	2
CP109315	434
CP109315	434
CP109317	59
CP109317	59
CP109318	59
CP109318	59
CP109319	503
CP109319	504
CP109320	2
CP109320	2
CP109321	505
CP109321	506
CP109322	245
CP109322	245
CP109323	140
CP109323	140
CP109324	414
CP109324	507
CP109325	508
CP109325	140
CP109326	140
CP109326	140
CP109330	140
CP109330	509
CP109331	510
CP109331	105
CP109333	210
CP109333	210
CP109334	511
CP109334	511
CP109337	78
CP109337	78
CP109338	2
CP109338	2
CP109339	512
CP109339	2
CP109341	59
CP109341	59
CP109342	69
CP109342	69
CP109343	2
CP109343	2
CP109344	452
CP109344	452
CP109345	262
CP109345	2
CP109346	103
CP109346	103
CP109347	59
CP109347	59
CP109348	59
CP109348	59
CP109349	67
CP109349	67
CP109350	513
CP109350	513
CP109352	82
CP109352	82
CP109354	105
CP109354	105
CP109355	105
CP109355	105
CP109356	2
CP109356	2
CP109357	514
CP109357	2
CP109358	62
CP109358	515
CP109359	25
CP109359	25
CP109360	25
CP109360	25
CP109361	516
CP109361	517
CP109362	518
CP109362	519
CP109363	520
CP109363	521
CP109368	59
CP109368	59
CP109370	522
CP109370	523
CP109371	25
CP109371	25
CP109372	524
CP109372	524
CP109373	525
CP109373	526
CP109375	4
CP109375	4
CP109376	18
CP109376	527
CP109377	70
CP109377	70
CP109378	410
CP109378	528
CP109379	127
CP109379	127
CP109380	9
CP109380	529
CP109381	530
CP109381	105
CP109382	17
CP109382	17
CP109384	2
CP109384	2
CP109385	19
CP109385	19
CP109387	59
CP109387	59
CP109388	59
CP109388	531
CP109389	2
CP109389	2
CP109391	83
CP109391	83
CP109392	133
CP109392	133
CP109393	2
CP109393	2
CP109394	532
CP109394	533
CP109395	2
CP109395	2
CP109396	195
CP109396	452
CP109397	82
CP109397	82
CP109398	82
CP109398	82
CP109399	82
CP109399	82
CP109400	59
CP109400	59
CP109402	60
CP109402	59
CP109403	12
CP109403	50
CP109404	4
CP109404	4
CP109405	234
CP109405	0
CP109406	4
CP109406	4
CP109413	4
CP109413	4
CP109414	4
CP109414	4
CP109415	4
CP109415	4
CP109416	25
CP109416	25
CP109417	226
CP109417	18
CP109419	534
CP109419	534
CP109420	0
CP109420	0
CP109421	2
CP109421	133
CP109422	534
CP109422	534
CP109424	535
CP109424	535
CP109427	2
CP109427	2
CP109428	2
CP109428	2
CP109429	536
CP109429	536
CP109435	29
CP109435	29
CP109436	180
CP109436	180
CP109438	62
CP109438	62
CP109439	262
CP109439	537
CP109444	538
CP109444	538
CP109445	18
CP109445	18
CP109446	539
CP109446	540
CP109447	10
CP109447	10
CP109450	78
CP109450	78
CP109451	78
CP109451	78
CP109452	78
CP109452	78
CP109453	492
CP109453	492
CP109454	492
CP109454	492
CP109455	23
CP109455	23
CP109456	29
CP109456	29
CP109457	234
CP109457	234
CP109460	2
CP109460	2
CP109462	29
CP109462	29
CP109463	234
CP109463	234
CP109467	54
CP109467	54
CP109468	541
CP109468	541
CP109469	6
CP109469	542
CP109470	25
CP109470	25
CP109471	62
CP109471	149
CP109473	329
CP109473	329
CP109475	3
CP109475	3
CP109476	10
CP109476	62
CP109477	10
CP109477	10
CP109478	543
CP109478	31
CP109479	511
CP109479	511
CP109480	54
CP109480	133
CP109481	452
CP109481	133
CP109482	544
CP109482	545
CP109483	2
CP109483	2
CP109487	119
CP109487	546
CP109489	547
CP109489	548
CP109490	549
CP109490	549
CP109491	549
CP109491	549
CP109492	105
CP109492	17
CP109493	105
CP109493	105
CP109495	541
CP109495	550
CP109496	551
CP109496	551
CP109497	551
CP109497	154
CP109499	13
CP109499	13
CP109500	78
CP109500	78
CP109501	47
CP109501	78
CP109502	14
CP109502	14
CP109503	47
CP109503	410
CP109504	14
CP109504	552
CP109505	121
CP109505	122
CP109506	378
CP109506	378
CP109507	95
CP109507	95
CP109508	2
CP109508	2
CP109509	553
CP109509	4
CP109511	25
CP109511	4
CP109512	25
CP109512	554
CP109513	378
CP109513	378
CP109514	259
CP109514	555
CP109515	91
CP109515	478
CP109517	29
CP109517	29
CP109518	4
CP109518	4
CP109519	4
CP109519	4
CP109522	59
CP109522	59
CP109523	59
CP109523	556
CP109529	2
CP109529	2
CP109530	557
CP109530	557
CP109531	541
CP109531	541
CP109535	91
CP109535	363
CP109545	83
CP109545	83
CP109546	118
CP109546	118
CP109550	2
CP109550	2
CP109551	558
CP109551	190
CP109556	452
CP109556	344
CP109557	559
CP109557	262
CP109558	195
CP109558	195
CP109559	133
CP109559	133
CP109560	25
CP109560	62
CP109561	54
CP109561	54
CP109562	54
CP109562	54
CP109565	62
CP109565	62
CP109570	238
CP109570	238
CP109571	3
CP109571	3
CP109572	91
CP109572	560
CP109573	561
CP109573	2
CP109574	2
CP109574	2
CP109575	201
CP109575	105
CP109576	414
CP109576	414
CP109577	201
CP109577	140
CP109578	562
CP109578	563
CP109580	68
CP109580	68
CP109581	29
CP109581	29
CP109582	564
CP109582	565
CP109583	54
CP109583	54
CP109584	566
CP109584	25
CP109586	140
CP109586	140
CP109587	140
CP109587	140
CP109588	155
CP109588	140
CP109589	201
CP109589	201
CP109590	201
CP109590	201
CP109591	567
CP109591	567
CP109592	13
CP109592	13
CP109594	238
CP109594	238
CP109595	568
CP109595	490
CP109598	52
CP109598	52
CP109599	4
CP109599	4
CP130714	53
CP130714	53
CP130715	569
CP130715	569
CP130716	17
CP130716	17
CP130717	570
CP130717	17
CP130718	430
CP130718	430
CP130719	430
CP130719	430
CP130720	127
CP130720	127
CP130721	127
CP130721	127
CP130722	245
CP130722	245
CP130723	262
CP130723	262
CP130727	26
CP130727	26
CP130728	12
CP130728	12
CP130729	12
CP130729	12
CP130730	25
CP130730	25
CP130731	12
CP130731	12
DQ322649	571
DQ322649	571
DQ322650	572
DQ322650	572
EU372836	238
EU372836	238
FN554889	2
FN554889	2
FQ859184	17
FQ859184	573
FQ859185	574
FQ859185	17
GU080325	65
GU080326	572
GU080327	556
GU080328	529
GU080329	25
GU080330	25
GU080331	305
KF602047	0
KF602047	0
KF602048	575
KF602048	576
NC_001738	1
NC_001738	1
NC_003155.5	2
NC_003155.5	2
NC_003888.3	2
NC_003888.3	2
NC_003888	2
NC_003888	2
NC_003903.1	577
NC_003903.1	577
NC_003903	577
NC_003903	577
NC_003904.1	578
NC_003904.1	579
NC_004719.1	54
NC_004719.1	54
NC_010572.1	366
NC_010572.1	366
NC_010572	366
NC_010572	366
NC_010851	2
NC_010851	2
NC_013929.1	2
NC_013929.1	2
NC_015951.1	580
NC_015951.1	581
NC_015952.1	582
NC_015952.1	583
NC_015953.1	250
NC_015953.1	584
NC_015957.1	585
NC_015957.1	586
NC_016109.1	587
NC_016109.1	587
NC_016109	587
NC_016109	587
NC_016111.1	588
NC_016111.1	17
NC_016113.1	17
NC_016113.1	573
NC_016582.1	2
NC_016582.1	2
NC_016972.1	589
NC_016972.1	590
NC_017585.1	591
NC_017585.1	592
NC_017586.1	593
NC_017586.1	594
NC_017765.1	2
NC_017765.1	2
NC_017765	2
NC_017765	2
NC_017766.1	65
NC_017766.1	2
NC_017766	65
NC_017766	2
NC_018750.1	595
NC_018750.1	596
NC_020293.1	589
NC_020293.1	590
NC_020504.1	597
NC_020504.1	597
NC_020545.1	598
NC_020545.1	598
NC_020894.1	65
NC_020894.1	2
NC_020894	65
NC_020894	2
NC_020895.1	2
NC_020895.1	2
NC_020895	2
NC_020895	2
NC_020990.1	238
NC_020990.1	238
NC_020990	238
NC_020990	238
NC_021055.1	599
NC_021055.1	600
NC_021056.1	601
NC_021056.1	602
NC_021177.1	603
NC_021177.1	604
NC_021985.1	2
NC_021985.1	2
NC_021986.1	7
NC_021986.1	8
NC_022001.1	6
NC_022001.1	6
NC_022785.1	605
NC_022785.1	606
NZ_AP018365.1	607
NZ_AP018365.1	608
NZ_AP018366.1	609
NZ_AP018366.1	610
NZ_AP018367.1	611
NZ_AP018367.1	612
NZ_AP018448.1	613
NZ_AP018448.1	614
NZ_AP018517.1	0
NZ_AP018517.1	0
NZ_AP019620.1	615
NZ_AP019620.1	616
NZ_AP023408.1	617
NZ_AP023408.1	618
NZ_AP023409.1	619
NZ_AP023409.1	620
NZ_AP023439.1	621
NZ_AP023439.1	622
NZ_AP023440.1	623
NZ_AP023440.1	623
NZ_AP024135.1	624
NZ_AP024135.1	625
NZ_AP025667.1	626
NZ_AP025667.1	627
NZ_AP025668.1	628
NZ_AP025668.1	629
NZ_AP025687.1	630
NZ_AP025687.1	631
NZ_AP025692.1	632
NZ_AP025692.1	632
NZ_AP026073.1	633
NZ_AP026073.1	634
NZ_AP026074.1	635
NZ_AP026074.1	636
NZ_AP035881.2	637
NZ_AP035881.2	638
NZ_AP035882.1	639
NZ_AP035882.1	640
NZ_AP035884.1	641
NZ_AP035884.1	641
NZ_AP035885.1	642
NZ_AP035885.1	643
NZ_CM000913.1	644
NZ_CM000913.1	645
NZ_CM000914.1	646
NZ_CM000914.1	647
NZ_CM000950.1	648
NZ_CM000950.1	649
NZ_CM000951.1	650
NZ_CM000951.1	651
NZ_CM001015.1	305
NZ_CM001015.1	652
NZ_CM001016.1	653
NZ_CM001016.1	654
NZ_CM001017.1	655
NZ_CM001017.1	656
NZ_CM001018.1	14
NZ_CM001018.1	657
NZ_CM001019.1	658
NZ_CM001019.1	305
NZ_CM001165.1	659
NZ_CM001165.1	660
NZ_CM001166.1	661
NZ_CM001166.1	662
NZ_CM001889.1	663
NZ_CM001889.1	664
NZ_CM002273.1	238
NZ_CM002273.1	238
NZ_CM002274.1	238
NZ_CM002274.1	238
NZ_CM002275.1	0
NZ_CM002275.1	0
NZ_CM002280.1	665
NZ_CM002280.1	666
NZ_CM002281.1	667
NZ_CM002281.1	668
NZ_CM002282.1	669
NZ_CM002282.1	670
NZ_CM002283.1	465
NZ_CM002283.1	465
NZ_CM002284.1	671
NZ_CM002284.1	672
NZ_CM002285.1	673
NZ_CM002285.1	673
NZ_CM002286.1	674
NZ_CM002286.1	673
NZ_CM003601.1	59
NZ_CM003601.1	59
NZ_CM003601	59
NZ_CM003601	59
NZ_CM003602.1	59
NZ_CM003602.1	59
NZ_CM003602	59
NZ_CM003602	59
NZ_CM007717.1	25
NZ_CM007717.1	25
NZ_CP003987.1	675
NZ_CP003987.1	675
NZ_CP003988.1	82
NZ_CP003988.1	82
NZ_CP006871.1	676
NZ_CP006871.1	676
NZ_CP007153.1	677
NZ_CP007153.1	678
NZ_CP007574.1	679
NZ_CP007574.1	680
NZ_CP007575.1	681
NZ_CP007575.1	682
NZ_CP007699.2	683
NZ_CP007699.2	684
NZ_CP009124.1	2
NZ_CP009124.1	2
NZ_CP009313.1	685
NZ_CP009313.1	686
NZ_CP009438.1	2
NZ_CP009438.1	2
NZ_CP009439.1	2
NZ_CP009439.1	2
NZ_CP009754.1	687
NZ_CP009754.1	688
NZ_CP009802.1	689
NZ_CP009802.1	690
NZ_CP009803.1	691
NZ_CP009803.1	692
NZ_CP009804.1	693
NZ_CP009804.1	694
NZ_CP009922.3	29
NZ_CP009922.3	695
NZ_CP010407.1	696
NZ_CP010407.1	697
NZ_CP010408.1	698
NZ_CP010408.1	699
NZ_CP010519.1	700
NZ_CP010519.1	701
NZ_CP010833.1	10
NZ_CP010833.1	10
NZ_CP010849.1	702
NZ_CP010849.1	703
NZ_CP011340.1	704
NZ_CP011340.1	704
NZ_CP011492.1	492
NZ_CP011492.1	705
NZ_CP011497.1	706
NZ_CP011497.1	707
NZ_CP011498.1	708
NZ_CP011498.1	709
NZ_CP011499.1	710
NZ_CP011499.1	711
NZ_CP011500.1	712
NZ_CP011500.1	713
NZ_CP011522.1	714
NZ_CP011522.1	715
NZ_CP011523.1	716
NZ_CP011523.1	717
NZ_CP011533.1	718
NZ_CP011533.1	718
NZ_CP011664.1	719
NZ_CP011664.1	720
NZ_CP011665.1	721
NZ_CP011665.1	722
NZ_CP011666.1	723
NZ_CP011666.1	724
NZ_CP011667.1	725
NZ_CP011667.1	725
NZ_CP011799.1	726
NZ_CP011799.1	727
NZ_CP012382.1	2
NZ_CP012382.1	2
NZ_CP012383.1	728
NZ_CP012383.1	729
NZ_CP012949.1	2
NZ_CP012949.1	2
NZ_CP013129.1	730
NZ_CP013129.1	72
NZ_CP013142.1	12
NZ_CP013142.1	12
NZ_CP013219.1	731
NZ_CP013219.1	731
NZ_CP013220.1	731
NZ_CP013220.1	731
NZ_CP013738.1	2
NZ_CP013738.1	2
NZ_CP013739.1	2
NZ_CP013739.1	2
NZ_CP013740.1	732
NZ_CP013740.1	733
NZ_CP013743.1	734
NZ_CP013743.1	735
NZ_CP013744.1	736
NZ_CP013744.1	737
NZ_CP014485.1	738
NZ_CP014485.1	739
NZ_CP015098.1	740
NZ_CP015098.1	741
NZ_CP015362.1	742
NZ_CP015362.1	743
NZ_CP015446.1	744
NZ_CP015446.1	745
NZ_CP015588.1	746
NZ_CP015588.1	746
NZ_CP015726.1	747
NZ_CP015726.1	748
NZ_CP015849.1	749
NZ_CP015849.1	750
NZ_CP015866.1	2
NZ_CP015866.1	2
NZ_CP015867.1	2
NZ_CP015867.1	2
NZ_CP016279.1	751
NZ_CP016279.1	752
NZ_CP016438.1	753
NZ_CP016438.1	753
NZ_CP016559.1	754
NZ_CP016559.1	305
NZ_CP016560.1	755
NZ_CP016560.1	756
NZ_CP016795.1	757
NZ_CP016795.1	758
NZ_CP016824.1	759
NZ_CP016824.1	760
NZ_CP016825.1	700
NZ_CP016825.1	761
NZ_CP017157.1	585
NZ_CP017157.1	762
NZ_CP017248.1	763
NZ_CP017248.1	764
NZ_CP017316.1	765
NZ_CP017316.1	766
NZ_CP018047.1	767
NZ_CP018047.1	768
NZ_CP018074.1	769
NZ_CP018074.1	770
NZ_CP018075.1	771
NZ_CP018075.1	772
NZ_CP018627.1	773
NZ_CP018627.1	2
NZ_CP018627	773
NZ_CP018627_unlikely_to_be_a_telomere	2
NZ_CP018870.1	774
NZ_CP018870.1	774
NZ_CP019457.1	775
NZ_CP019457.1	776
NZ_CP019458.1	777
NZ_CP019458.1	778
NZ_CP019459.1	779
NZ_CP019459.1	780
NZ_CP019460.1	781
NZ_CP019460.1	782
NZ_CP019461.1	783
NZ_CP019461.1	784
NZ_CP019462.1	783
NZ_CP019462.1	784
NZ_CP019463.1	785
NZ_CP019463.1	786
NZ_CP019464.1	787
NZ_CP019464.1	788
NZ_CP019465.1	789
NZ_CP019465.1	790
NZ_CP019724.1	791
NZ_CP019724.1	791
NZ_CP019779.1	792
NZ_CP019779.1	793
NZ_CP019798.1	794
NZ_CP019798.1	795
NZ_CP020039.1	796
NZ_CP020039.1	797
NZ_CP020040.1	798
NZ_CP020040.1	799
NZ_CP020041.1	800
NZ_CP020041.1	801
NZ_CP020042.1	802
NZ_CP020042.1	803
NZ_CP020043.1	803
NZ_CP020043.1	804
NZ_CP020044.1	805
NZ_CP020044.1	806
NZ_CP020555.1	807
NZ_CP020555.1	808
NZ_CP020556.1	809
NZ_CP020556.1	810
NZ_CP020563.1	811
NZ_CP020563.1	812
NZ_CP020567.1	813
NZ_CP020567.1	814
NZ_CP020568.1	815
NZ_CP020568.1	816
NZ_CP020569.1	817
NZ_CP020569.1	818
NZ_CP020570.1	819
NZ_CP020570.1	820
NZ_CP020700.1	821
NZ_CP020700.1	822
NZ_CP020701.1	823
NZ_CP020701.1	824
NZ_CP020702.1	825
NZ_CP020702.1	826
NZ_CP021080.1	827
NZ_CP021080.1	828
NZ_CP021118.1	829
NZ_CP021118.1	830
NZ_CP021119.1	831
NZ_CP021119.1	832
NZ_CP021121.1	833
NZ_CP021121.1	834
NZ_CP021707.1	835
NZ_CP021707.1	836
NZ_CP021744.1	837
NZ_CP021744.1	838
NZ_CP021748.1	839
NZ_CP021748.1	840
NZ_CP021978.1	841
NZ_CP021978.1	842
NZ_CP022161.1	843
NZ_CP022161.1	844
NZ_CP022310.1	845
NZ_CP022310.1	210
NZ_CP022310	845
NZ_CP022310	210
NZ_CP022433.1	828
NZ_CP022433.1	846
NZ_CP022438.1	847
NZ_CP022438.1	848
NZ_CP022545.1	849
NZ_CP022545.1	850
NZ_CP022546.1	851
NZ_CP022546.1	852
NZ_CP022685.1	853
NZ_CP022685.1	853
NZ_CP022744.1	753
NZ_CP022744.1	854
NZ_CP023202.1	855
NZ_CP023202.1	856
NZ_CP023407.1	857
NZ_CP023407.1	858
NZ_CP023408.1	859
NZ_CP023408.1	860
NZ_CP023688.1	861
NZ_CP023688.1	861
NZ_CP023689.1	862
NZ_CP023689.1	43
NZ_CP023690.1	17
NZ_CP023690.1	863
NZ_CP023691.1	231
NZ_CP023691.1	231
NZ_CP023692.1	864
NZ_CP023692.1	865
NZ_CP023693.1	25
NZ_CP023693.1	866
NZ_CP023693	25
NZ_CP023693	866
NZ_CP023694.1	867
NZ_CP023694.1	210
NZ_CP023694	867
NZ_CP023694	210
NZ_CP023695.1	868
NZ_CP023695.1	869
NZ_CP023696.1	10
NZ_CP023696.1	870
NZ_CP023697.1	871
NZ_CP023697.1	872
NZ_CP023698.1	873
NZ_CP023698.1	874
NZ_CP023699.1	875
NZ_CP023699.1	876
NZ_CP023700.1	877
NZ_CP023700.1	878
NZ_CP023701.1	879
NZ_CP023701.1	880
NZ_CP023702.1	881
NZ_CP023702.1	882
NZ_CP023703.1	883
NZ_CP023703.1	884
NZ_CP023747.1	885
NZ_CP023747.1	886
NZ_CP023976.1	887
NZ_CP023976.1	888
NZ_CP023977.1	889
NZ_CP023977.1	890
NZ_CP023992.1	1
NZ_CP023992.1	2
NZ_CP023993.1	891
NZ_CP023993.1	892
NZ_CP024957.1	893
NZ_CP024957.1	894
NZ_CP024985.1	9
NZ_CP024985.1	9
NZ_CP024986.1	226
NZ_CP024986.1	9
NZ_CP024989.1	895
NZ_CP024989.1	896
NZ_CP024990.1	897
NZ_CP024990.1	898
NZ_CP024991.1	899
NZ_CP024991.1	900
NZ_CP025018.1	901
NZ_CP025018.1	902
NZ_CP025394.1	903
NZ_CP025394.1	903
NZ_CP025407.1	904
NZ_CP025407.1	905
NZ_CP025511.1	906
NZ_CP025511.1	907
NZ_CP025551.1	908
NZ_CP025551.1	909
NZ_CP025552.1	82
NZ_CP025552.1	82
NZ_CP026094.1	910
NZ_CP026094.1	911
NZ_CP026121.1	912
NZ_CP026121.1	912
NZ_CP026304.1	913
NZ_CP026304.1	914
NZ_CP026305.1	914
NZ_CP026305.1	915
NZ_CP026306.1	916
NZ_CP026306.1	917
NZ_CP026489.1	918
NZ_CP026489.1	919
NZ_CP026490.1	920
NZ_CP026490.1	921
NZ_CP026498.1	922
NZ_CP026498.1	923
NZ_CP026652.1	924
NZ_CP026652.1	925
NZ_CP026653.1	25
NZ_CP026653.1	25
NZ_CP026653	25
NZ_CP026653	25
NZ_CP026654.1	54
NZ_CP026654.1	926
NZ_CP026654	54
NZ_CP026654	926
NZ_CP026730.1	927
NZ_CP026730.1	928
NZ_CP027022.1	929
NZ_CP027022.1	930
NZ_CP027023.1	931
NZ_CP027023.1	932
NZ_CP027024.1	933
NZ_CP027024.1	934
NZ_CP027025.1	935
NZ_CP027025.1	936
NZ_CP027026.1	937
NZ_CP027026.1	938
NZ_CP027296.1	939
NZ_CP027296.1	940
NZ_CP027297.1	941
NZ_CP027297.1	942
NZ_CP027298.1	943
NZ_CP027298.1	944
NZ_CP027299.1	945
NZ_CP027299.1	946
NZ_CP027306.1	947
NZ_CP027306.1	947
NZ_CP027858.1	948
NZ_CP027858.1	948
NZ_CP027859.1	658
NZ_CP027859.1	948
NZ_CP028369.1	949
NZ_CP028369.1	950
NZ_CP028719.1	951
NZ_CP028719.1	952
NZ_CP028834.1	953
NZ_CP028834.1	954
NZ_CP029042.1	955
NZ_CP029042.1	956
NZ_CP029043.1	957
NZ_CP029043.1	958
NZ_CP029078.1	959
NZ_CP029078.1	960
NZ_CP029157.1	961
NZ_CP029157.1	962
NZ_CP029158.1	825
NZ_CP029158.1	826
NZ_CP029159.1	238
NZ_CP029159.1	963
NZ_CP029188.1	964
NZ_CP029188.1	965
NZ_CP029189.1	966
NZ_CP029189.1	967
NZ_CP029190.1	968
NZ_CP029190.1	969
NZ_CP029191.1	970
NZ_CP029191.1	971
NZ_CP029192.1	105
NZ_CP029192.1	972
NZ_CP029193.1	973
NZ_CP029193.1	974
NZ_CP029194.1	975
NZ_CP029194.1	976
NZ_CP029195.1	977
NZ_CP029195.1	978
NZ_CP029196.1	979
NZ_CP029196.1	979
NZ_CP029197.1	980
NZ_CP029197.1	981
NZ_CP029241.1	751
NZ_CP029241.1	982
NZ_CP029254.1	983
NZ_CP029254.1	984
NZ_CP029338.1	985
NZ_CP029338.1	986
NZ_CP029339.1	987
NZ_CP029339.1	988
NZ_CP029340.1	989
NZ_CP029340.1	990
NZ_CP029341.1	991
NZ_CP029341.1	992
NZ_CP029342.1	993
NZ_CP029342.1	994
NZ_CP029361.1	995
NZ_CP029361.1	996
NZ_CP029362.1	997
NZ_CP029362.1	998
NZ_CP029363.1	999
NZ_CP029363.1	1000
NZ_CP029378.1	1001
NZ_CP029378.1	1002
NZ_CP029541.1	1003
NZ_CP029541.1	1004
NZ_CP029542.1	1005
NZ_CP029542.1	1006
NZ_CP029601.1	1007
NZ_CP029601.1	1008
NZ_CP029602.1	1009
NZ_CP029602.1	1010
NZ_CP029617.1	1011
NZ_CP029617.1	1012
NZ_CP029618.1	1013
NZ_CP029618.1	1014
NZ_CP029624.1	2
NZ_CP029624.1	2
NZ_CP029625.1	42
NZ_CP029625.1	299
NZ_CP029626.1	1015
NZ_CP029626.1	1016
NZ_CP029788.1	1017
NZ_CP029788.1	1018
NZ_CP029823.1	1019
NZ_CP029823.1	1020
NZ_CP030073.1	1021
NZ_CP030073.1	1021
NZ_CP030074.1	1022
NZ_CP030074.1	1022
NZ_CP030286.1	1023
NZ_CP030286.1	1024
NZ_CP030287.1	1025
NZ_CP030287.1	1026
NZ_CP030771.1	1027
NZ_CP030771.1	1027
NZ_CP030772.1	1027
NZ_CP030772.1	1027
NZ_CP030862.1	1028
NZ_CP030862.1	1029
NZ_CP030863.1	1030
NZ_CP030863.1	1031
NZ_CP030864.1	1032
NZ_CP030864.1	1032
NZ_CP030930.1	1033
NZ_CP030930.1	1034
NZ_CP031194.1	1035
NZ_CP031194.1	1036
NZ_CP031264.1	1037
NZ_CP031264.1	1038
NZ_CP031320.1	1039
NZ_CP031320.1	1040
NZ_CP031455.1	1041
NZ_CP031455.1	1041
NZ_CP031742.1	1042
NZ_CP031742.1	1042
NZ_CP031969.1	1043
NZ_CP031969.1	1044
NZ_CP032052.1	305
NZ_CP032052.1	305
NZ_CP032052	305
NZ_CP032052	305
NZ_CP032053.1	1045
NZ_CP032053.1	1046
NZ_CP032054.1	2
NZ_CP032054.1	2
NZ_CP032229.1	1047
NZ_CP032229.1	1048
NZ_CP032230.1	1049
NZ_CP032230.1	1050
NZ_CP032266.1	1051
NZ_CP032266.1	1052
NZ_CP032427.1	1053
NZ_CP032427.1	1054
NZ_CP032543.1	1055
NZ_CP032543.1	1056
NZ_CP032698.1	1057
NZ_CP032698.1	1058
NZ_CP033071.1	1059
NZ_CP033071.1	1060
NZ_CP033072.1	1061
NZ_CP033072.1	1062
NZ_CP033073.1	1063
NZ_CP033073.1	1064
NZ_CP033581.1	1065
NZ_CP033581.1	1066
NZ_CP033582.1	127
NZ_CP033582.1	1067
NZ_CP033583.1	865
NZ_CP033583.1	1068
NZ_CP033584.1	1069
NZ_CP033584.1	1070
NZ_CP033585.1	1071
NZ_CP033585.1	1072
NZ_CP034279.1	1073
NZ_CP034279.1	1074
NZ_CP034350.1	1075
NZ_CP034350.1	1076
NZ_CP034351.1	1077
NZ_CP034351.1	1078
NZ_CP034352.1	1079
NZ_CP034352.1	1080
NZ_CP034353.1	1081
NZ_CP034353.1	1082
NZ_CP034463.1	1083
NZ_CP034463.1	1083
NZ_CP034539.1	1084
NZ_CP034539.1	1084
NZ_CP034587.1	1085
NZ_CP034587.1	1086
NZ_CP034687.1	1087
NZ_CP034687.1	1088
NZ_CP036534.1	1089
NZ_CP036534.1	1090
NZ_CP038146.1	1091
NZ_CP038146.1	1092
NZ_CP038147.1	1093
NZ_CP038147.1	1094
NZ_CP039123.1	1095
NZ_CP039123.1	1096
NZ_CP040244.1	1097
NZ_CP040244.1	1098
NZ_CP040466.1	1099
NZ_CP040466.1	1100
NZ_CP040467.1	1101
NZ_CP040467.1	1102
NZ_CP040752.1	1103
NZ_CP040752.1	1104
NZ_CP040916.1	1105
NZ_CP040916.1	1106
NZ_CP041168.1	1107
NZ_CP041168.1	1108
NZ_CP041601.1	1109
NZ_CP041601.1	1110
NZ_CP041602.2	1111
NZ_CP041602.2	62
NZ_CP041603.1	1112
NZ_CP041603.1	1113
NZ_CP041604.2	62
NZ_CP041604.2	1114
NZ_CP041605.2	1115
NZ_CP041605.2	1115
NZ_CP041606.1	1116
NZ_CP041606.1	1117
NZ_CP041607.2	1118
NZ_CP041607.2	25
NZ_CP041608.2	118
NZ_CP041608.2	1119
NZ_CP041609.2	1118
NZ_CP041609.2	25
NZ_CP041610.2	1120
NZ_CP041610.2	62
NZ_CP041611.1	1121
NZ_CP041611.1	1122
NZ_CP041612.2	1123
NZ_CP041612.2	1122
NZ_CP041613.2	62
NZ_CP041613.2	1124
NZ_CP041650.2	25
NZ_CP041650.2	1125
NZ_CP041651.1	1126
NZ_CP041651.1	1127
NZ_CP041652.2	1128
NZ_CP041652.2	149
NZ_CP041653.1	1129
NZ_CP041653.1	1130
NZ_CP041654.1	1123
NZ_CP041654.1	1131
NZ_CP042266.1	1132
NZ_CP042266.1	1132
NZ_CP042278.1	1133
NZ_CP042278.1	1134
NZ_CP042324.1	2
NZ_CP042324.1	2
NZ_CP043317.1	1135
NZ_CP043317.1	1136
NZ_CP043496.1	82
NZ_CP043496.1	190
NZ_CP043497.1	1137
NZ_CP043497.1	909
NZ_CP043638.1	1138
NZ_CP043638.1	1139
NZ_CP043956.1	1140
NZ_CP043956.1	1141
NZ_CP043957.1	1142
NZ_CP043957.1	1143
NZ_CP043958.1	1144
NZ_CP043958.1	1145
NZ_CP043959.1	751
NZ_CP043959.1	752
NZ_CP043960.1	1146
NZ_CP043960.1	1147
NZ_CP043961.1	1148
NZ_CP043961.1	1149
NZ_CP045031.1	1150
NZ_CP045031.1	1151
NZ_CP045095.1	1152
NZ_CP045095.1	1153
NZ_CP045096.1	1154
NZ_CP045096.1	1155
NZ_CP045177.1	1156
NZ_CP045177.1	1157
NZ_CP045178.1	1158
NZ_CP045178.1	1158
NZ_CP045547.1	1159
NZ_CP045547.1	1160
NZ_CP045548.1	1159
NZ_CP045548.1	746
NZ_CP045549.1	1161
NZ_CP045549.1	1162
NZ_CP045643.1	1163
NZ_CP045643.1	1164
NZ_CP045702.1	1165
NZ_CP045702.1	1166
NZ_CP045703.1	1167
NZ_CP045703.1	1168
NZ_CP045704.1	1169
NZ_CP045704.1	1169
NZ_CP045705.1	1170
NZ_CP045705.1	1171
NZ_CP045740.1	1172
NZ_CP045740.1	1173
NZ_CP045803.1	1174
NZ_CP045803.1	1175
NZ_CP045847.1	1176
NZ_CP045847.1	1177
NZ_CP045848.1	1
NZ_CP045848.1	1
NZ_CP045849.1	2
NZ_CP045849.1	1178
NZ_CP045849	2
NZ_CP045850.1	1179
NZ_CP045850.1	1176
NZ_CP046024.1	1180
NZ_CP046024.1	1180
NZ_CP046623.1	1181
NZ_CP046623.1	1182
NZ_CP046905.1	1183
NZ_CP046905.1	1184
NZ_CP046906.1	1185
NZ_CP046906.1	1186
NZ_CP046907.1	1187
NZ_CP046907.1	1188
NZ_CP047019.1	1189
NZ_CP047019.1	1190
NZ_CP047020.1	1191
NZ_CP047020.1	1192
NZ_CP047140.1	1193
NZ_CP047140.1	1194
NZ_CP047144.1	1195
NZ_CP047144.1	1196
NZ_CP047145.1	1197
NZ_CP047145.1	1198
NZ_CP047146.1	1199
NZ_CP047146.1	1029
NZ_CP047147.1	1200
NZ_CP047147.1	1200
NZ_CP047318.1	1201
NZ_CP047318.1	1202
NZ_CP048261.1	82
NZ_CP048261.1	82
NZ_CP048262.1	82
NZ_CP048262.1	82
NZ_CP048289.1	1203
NZ_CP048289.1	1204
NZ_CP048397.1	704
NZ_CP048397.1	704
NZ_CP048398.1	1205
NZ_CP048398.1	1206
NZ_CP048399.1	1205
NZ_CP048399.1	1206
NZ_CP048405.1	1207
NZ_CP048405.1	1208
NZ_CP048641.1	1209
NZ_CP048641.1	1209
NZ_CP048642.1	1210
NZ_CP048642.1	1211
NZ_CP048835.1	1212
NZ_CP048835.1	1213
NZ_CP048875.1	1214
NZ_CP048875.1	1215
NZ_CP048882.1	1216
NZ_CP048882.1	1217
NZ_CP049780.1	1218
NZ_CP049780.1	1219
NZ_CP049782.1	231
NZ_CP049782.1	1220
NZ_CP049838.1	1221
NZ_CP049838.1	1221
NZ_CP049945.1	489
NZ_CP049945.1	489
NZ_CP049946.1	489
NZ_CP049946.1	1222
NZ_CP050177.1	1223
NZ_CP050177.1	1224
NZ_CP050436.1	1225
NZ_CP050436.1	1226
NZ_CP050437.1	1227
NZ_CP050437.1	1228
NZ_CP050438.1	1229
NZ_CP050438.1	1230
NZ_CP050439.1	1231
NZ_CP050439.1	1232
NZ_CP050504.1	1233
NZ_CP050504.1	1233
NZ_CP050522.1	1234
NZ_CP050522.1	1235
NZ_CP050692.1	25
NZ_CP050692.1	25
NZ_CP050693.1	105
NZ_CP050693.1	1236
NZ_CP050694.1	1237
NZ_CP050694.1	1238
NZ_CP050975.2	1239
NZ_CP050975.2	1240
NZ_CP050976.1	1241
NZ_CP050976.1	1242
NZ_CP051006.1	1243
NZ_CP051006.1	1244
NZ_CP051007.1	1245
NZ_CP051007.1	1246
NZ_CP051008.1	1247
NZ_CP051008.1	1248
NZ_CP051009.1	1249
NZ_CP051009.1	0
NZ_CP051485.1	1250
NZ_CP051485.1	1251
NZ_CP051486.1	1252
NZ_CP051486.1	1253
NZ_CP052032.1	1254
NZ_CP052032.1	1255
NZ_CP052033.1	1256
NZ_CP052033.1	1256
NZ_CP053109.1	1257
NZ_CP053109.1	1258
NZ_CP053189.1	1259
NZ_CP053189.1	1260
NZ_CP053539.1	1261
NZ_CP053539.1	1262
NZ_CP054019.1	1263
NZ_CP054019.1	1264
NZ_CP054916.1	1265
NZ_CP054916.1	1265
NZ_CP054917.1	1266
NZ_CP054917.1	1267
NZ_CP054918.1	1268
NZ_CP054918.1	1269
NZ_CP054919.1	1270
NZ_CP054919.1	1271
NZ_CP054920.1	1272
NZ_CP054920.1	118
NZ_CP054921.1	1273
NZ_CP054921.1	1274
NZ_CP054922.1	3
NZ_CP054922.1	1275
NZ_CP054926.1	2
NZ_CP054926.1	299
NZ_CP054927.1	2
NZ_CP054927.1	299
NZ_CP054928.1	2
NZ_CP054928.1	299
NZ_CP054929.1	1276
NZ_CP054929.1	1276
NZ_CP054930.1	1277
NZ_CP054930.1	1278
NZ_CP054936.1	1279
NZ_CP054936.1	105
NZ_CP054937.1	1280
NZ_CP054937.1	1281
NZ_CP054938.1	1282
NZ_CP054938.1	1283
NZ_CP054939.1	1284
NZ_CP054939.1	1284
NZ_CP056041.1	1285
NZ_CP056041.1	1286
NZ_CP056773.1	1287
NZ_CP056773.1	1288
NZ_CP058273.1	1289
NZ_CP058273.1	1290
NZ_CP058556.1	1291
NZ_CP058556.1	1292
NZ_CP058693.1	1293
NZ_CP058693.1	1294
NZ_CP058977.1	1181
NZ_CP058977.1	1181
NZ_CP058978.1	1295
NZ_CP058978.1	1296
NZ_CP058979.1	1297
NZ_CP058979.1	1298
NZ_CP058980.1	1299
NZ_CP058980.1	1300
NZ_CP059254.1	238
NZ_CP059254.1	238
NZ_CP059696.1	1301
NZ_CP059696.1	1302
NZ_CP059898.1	1303
NZ_CP059898.1	1210
NZ_CP059899.1	1304
NZ_CP059899.1	1305
NZ_CP059991.1	730
NZ_CP059991.1	72
NZ_CP060404.1	25
NZ_CP060404.1	25
NZ_CP060742.1	6
NZ_CP060742.1	1306
NZ_CP060743.1	1307
NZ_CP060743.1	1308
NZ_CP060825.1	1309
NZ_CP060825.1	1309
NZ_CP060826.1	1310
NZ_CP060826.1	1311
NZ_CP060827.1	1312
NZ_CP060827.1	1313
NZ_CP060828.1	1314
NZ_CP060828.1	1315
NZ_CP061072.1	1316
NZ_CP061072.1	1317
NZ_CP061281.1	1318
NZ_CP061281.1	1318
NZ_CP061282.1	1319
NZ_CP061282.1	1318
NZ_CP061283.1	1320
NZ_CP061283.1	1321
NZ_CP063373.1	1322
NZ_CP063373.1	1323
NZ_CP063374.1	1324
NZ_CP063374.1	1325
NZ_CP063808.1	1326
NZ_CP063808.1	1327
NZ_CP063809.1	1328
NZ_CP063809.1	1329
NZ_CP063844.1	1330
NZ_CP063844.1	1331
NZ_CP064057.1	1332
NZ_CP064057.1	1333
NZ_CP064783.1	1334
NZ_CP064783.1	1335
NZ_CP065050.1	1336
NZ_CP065050.1	1337
NZ_CP065234.1	1338
NZ_CP065234.1	1339
NZ_CP065235.1	1340
NZ_CP065235.1	1341
NZ_CP065239.1	1342
NZ_CP065239.1	1343
NZ_CP065240.1	1344
NZ_CP065240.1	1345
NZ_CP065241.1	1346
NZ_CP065241.1	1347
NZ_CP065242.1	1348
NZ_CP065242.1	1349
NZ_CP065243.1	1350
NZ_CP065243.1	1351
NZ_CP065244.1	1352
NZ_CP065244.1	1353
NZ_CP065245.1	1045
NZ_CP065245.1	1354
NZ_CP065246.1	1352
NZ_CP065246.1	1355
NZ_CP065247.1	1356
NZ_CP065247.1	1357
NZ_CP065248.1	1358
NZ_CP065248.1	1359
NZ_CP065249.1	1360
NZ_CP065249.1	1361
NZ_CP065250.1	1362
NZ_CP065250.1	1363
NZ_CP065251.1	1364
NZ_CP065251.1	1365
NZ_CP065252.1	1366
NZ_CP065252.1	1367
NZ_CP065253.1	1368
NZ_CP065253.1	1369
NZ_CP065254.1	1370
NZ_CP065254.1	1371
NZ_CP065255.1	1177
NZ_CP065255.1	1372
NZ_CP065256.1	1373
NZ_CP065256.1	1374
NZ_CP065257.1	1375
NZ_CP065257.1	1376
NZ_CP065258.1	1377
NZ_CP065258.1	1378
NZ_CP065259.1	1379
NZ_CP065259.1	1380
NZ_CP065260.1	1381
NZ_CP065260.1	1382
NZ_CP065261.1	1383
NZ_CP065261.1	1384
NZ_CP065262.1	1385
NZ_CP065262.1	1370
NZ_CP065958.1	1386
NZ_CP065958.1	1387
NZ_CP065959.1	1388
NZ_CP065959.1	1388
NZ_CP066774.1	1389
NZ_CP066774.1	1390
NZ_CP066801.1	1391
NZ_CP066801.1	1392
NZ_CP066831.1	1393
NZ_CP066831.1	1393
NZ_CP066832.1	1394
NZ_CP066832.1	1394
NZ_CP068598.1	1395
NZ_CP068598.1	1396
NZ_CP070241.1	1397
NZ_CP070241.1	1398
NZ_CP070242.1	1399
NZ_CP070242.1	1400
NZ_CP070243.1	1401
NZ_CP070243.1	1402
NZ_CP070244.1	1403
NZ_CP070244.1	1404
NZ_CP070245.1	1405
NZ_CP070245.1	1405
NZ_CP070246.1	1406
NZ_CP070246.1	1407
NZ_CP070247.1	1115
NZ_CP070247.1	1115
NZ_CP070248.1	1408
NZ_CP070248.1	1409
NZ_CP070249.1	1410
NZ_CP070249.1	1411
NZ_CP070250.1	1412
NZ_CP070250.1	1413
NZ_CP070251.1	1414
NZ_CP070251.1	1415
NZ_CP070252.1	1416
NZ_CP070252.1	1417
NZ_CP070253.1	1418
NZ_CP070253.1	1419
NZ_CP070254.1	1420
NZ_CP070254.1	1420
NZ_CP070255.1	1421
NZ_CP070255.1	1422
NZ_CP070256.1	1423
NZ_CP070256.1	1424
NZ_CP070257.1	25
NZ_CP070257.1	25
NZ_CP070258.1	1425
NZ_CP070258.1	1426
NZ_CP070259.1	1427
NZ_CP070259.1	1428
NZ_CP070260.1	1429
NZ_CP070260.1	1430
NZ_CP070261.1	1431
NZ_CP070261.1	1432
NZ_CP070262.1	54
NZ_CP070262.1	54
NZ_CP070326.1	1433
NZ_CP070326.1	1434
NZ_CP070373.1	1435
NZ_CP070373.1	1436
NZ_CP070374.1	1437
NZ_CP070374.1	1438
NZ_CP070379.1	1439
NZ_CP070379.1	1440
NZ_CP071044.1	1441
NZ_CP071044.1	1442
NZ_CP071045.1	1443
NZ_CP071045.1	1444
NZ_CP071139.1	693
NZ_CP071139.1	1445
NZ_CP071465.1	1446
NZ_CP071465.1	1447
NZ_CP071595.1	1448
NZ_CP071595.1	0
NZ_CP071839.1	12
NZ_CP071839.1	12
NZ_CP071872.1	1449
NZ_CP071872.1	1450
NZ_CP071873.1	1451
NZ_CP071873.1	1452
NZ_CP072209.1	1453
NZ_CP072209.1	1454
NZ_CP072827.1	105
NZ_CP072827.1	105
NZ_CP072931.1	1455
NZ_CP072931.1	1456
NZ_CP072941.1	1457
NZ_CP072941.1	1458
NZ_CP073778.1	1459
NZ_CP073778.1	1460
NZ_CP074102.1	1461
NZ_CP074102.1	1462
NZ_CP074103.1	1463
NZ_CP074103.1	1464
NZ_CP074111.1	1465
NZ_CP074111.1	1291
NZ_CP074380.1	1466
NZ_CP074380.1	1467
NZ_CP075343.1	1468
NZ_CP075343.1	1469
NZ_CP075691.1	1470
NZ_CP075691.1	1471
NZ_CP075715.1	1472
NZ_CP075715.1	1473
NZ_CP075896.1	1474
NZ_CP075896.1	1474
NZ_CP076385.1	1475
NZ_CP076385.1	1476
NZ_CP076457.1	1477
NZ_CP076457.1	1478
NZ_CP076543.1	1479
NZ_CP076543.1	1480
NZ_CP077652.1	1481
NZ_CP077652.1	1482
NZ_CP077658.1	1483
NZ_CP077658.1	1484
NZ_CP079112.1	238
NZ_CP079112.1	238
NZ_CP079113.1	630
NZ_CP079113.1	630
NZ_CP079114.1	1485
NZ_CP079114.1	1486
NZ_CP080029.1	1487
NZ_CP080029.1	676
NZ_CP080647.1	1488
NZ_CP080647.1	1489
NZ_CP080648.1	1489
NZ_CP080648.1	1489
NZ_CP081496.1	1490
NZ_CP081496.1	1491
NZ_CP081497.1	1492
NZ_CP081497.1	1493
NZ_CP082301.1	1494
NZ_CP082301.1	1495
NZ_CP082362.1	1496
NZ_CP082362.1	1496
NZ_CP082945.1	1497
NZ_CP082945.1	1498
NZ_CP083267.2	1499
NZ_CP083267.2	1500
NZ_CP083268.1	1501
NZ_CP083268.1	1502
NZ_CP083590.1	1503
NZ_CP083590.1	1504
NZ_CP083591.1	1505
NZ_CP083591.1	1506
NZ_CP084203.1	1507
NZ_CP084203.1	1508
NZ_CP084204.1	1509
NZ_CP084204.1	1510
NZ_CP084357.1	1511
NZ_CP084357.1	1512
NZ_CP084541.1	1513
NZ_CP084541.1	1514
NZ_CP084681.1	1515
NZ_CP084681.1	1515
NZ_CP085039.1	1516
NZ_CP085039.1	1517
NZ_CP085040.1	1518
NZ_CP085040.1	1519
NZ_CP085173.1	1520
NZ_CP085173.1	1521
NZ_CP085174.1	1522
NZ_CP085174.1	1496
NZ_CP085193.1	1523
NZ_CP085193.1	1524
NZ_CP085300.1	1525
NZ_CP085300.1	1526
NZ_CP086102.1	1527
NZ_CP086102.1	1528
NZ_CP086103.1	1529
NZ_CP086103.1	1529
NZ_CP086119.1	1530
NZ_CP086119.1	1531
NZ_CP086120.1	1532
NZ_CP086120.1	1532
NZ_CP086173.1	857
NZ_CP086173.1	858
NZ_CP086174.1	857
NZ_CP086174.1	858
NZ_CP086175.1	857
NZ_CP086175.1	858
NZ_CP086176.1	857
NZ_CP086176.1	858
NZ_CP086177.1	857
NZ_CP086177.1	858
NZ_CP086178.1	857
NZ_CP086178.1	858
NZ_CP086179.1	857
NZ_CP086179.1	858
NZ_CP086217.1	1533
NZ_CP086217.1	1534
NZ_CP086229.1	1176
NZ_CP086229.1	1176
NZ_CP086230.1	1
NZ_CP086230.1	1
NZ_CP086231.1	2
NZ_CP086231.1	2
NZ_CP086232.1	1394
NZ_CP086232.1	1394
NZ_CP086233.1	1176
NZ_CP086233.1	1176
NZ_CP086322.1	1535
NZ_CP086322.1	1535
NZ_CP088911.1	1536
NZ_CP088911.1	1537
NZ_CP089312.1	1538
NZ_CP089312.1	1539
NZ_CP089536.1	1540
NZ_CP089536.1	1541
NZ_CP089537.1	1542
NZ_CP089537.1	1543
NZ_CP089746.1	1544
NZ_CP089746.1	1545
NZ_CP090447.1	214
NZ_CP090447.1	1546
NZ_CP090837.1	1547
NZ_CP090837.1	1548
NZ_CP091820.1	1549
NZ_CP091820.1	1550
NZ_CP091821.1	0
NZ_CP091821.1	1551
NZ_CP092051.1	1504
NZ_CP092051.1	1552
NZ_CP092431.1	1553
NZ_CP092431.1	1553
NZ_CP092644.1	1554
NZ_CP092644.1	1555
NZ_CP093846.1	1556
NZ_CP093846.1	1557
NZ_CP094262.1	1558
NZ_CP094262.1	1558
NZ_CP094263.1	1559
NZ_CP094263.1	1560
NZ_CP094264.1	1561
NZ_CP094264.1	1562
NZ_CP094298.1	82
NZ_CP094298.1	82
NZ_CP094299.1	82
NZ_CP094299.1	82
NZ_CP094344.1	1563
NZ_CP094344.1	1564
NZ_CP094483.1	1565
NZ_CP094483.1	1566
NZ_CP094484.1	1567
NZ_CP094484.1	1053
NZ_CP094676.1	1568
NZ_CP094676.1	1569
NZ_CP094918.1	1570
NZ_CP094918.1	1571
NZ_CP095011.1	1572
NZ_CP095011.1	1573
NZ_CP095012.1	1572
NZ_CP095012.1	1573
NZ_CP095474.1	1574
NZ_CP095474.1	1575
NZ_CP095749.1	1576
NZ_CP095749.1	1577
NZ_CP096281.1	1578
NZ_CP096281.1	59
NZ_CP096674.1	1579
NZ_CP096674.1	0
NZ_CP096675.1	1580
NZ_CP096675.1	0
NZ_CP096907.1	1581
NZ_CP096907.1	1581
NZ_CP096908.1	1582
NZ_CP096908.1	1583
NZ_CP097123.1	1584
NZ_CP097123.1	1585
NZ_CP097124.1	1586
NZ_CP097124.1	1587
NZ_CP097125.1	1588
NZ_CP097125.1	1589
NZ_CP097126.1	1590
NZ_CP097126.1	1591
NZ_CP097289.1	1592
NZ_CP097289.1	772
NZ_CP097290.1	2
NZ_CP097290.1	1593
NZ_CP097322.1	1594
NZ_CP097322.1	1595
NZ_CP097323.1	1596
NZ_CP097323.1	1597
NZ_CP097800.1	1598
NZ_CP097800.1	1598
NZ_CP097801.1	1599
NZ_CP097801.1	1600
NZ_CP097802.1	1601
NZ_CP097802.1	1602
NZ_CP098437.1	1603
NZ_CP098437.1	1604
NZ_CP098484.1	1605
NZ_CP098484.1	1606
NZ_CP098485.1	1607
NZ_CP098485.1	1608
NZ_CP098608.1	1609
NZ_CP098608.1	1610
NZ_CP098609.1	1611
NZ_CP098609.1	1612
NZ_CP098740.1	1613
NZ_CP098740.1	1614
NZ_CP098783.1	1615
NZ_CP098783.1	1615
NZ_CP099468.1	1568
NZ_CP099468.1	1616
NZ_CP099469.1	1617
NZ_CP099469.1	1618
NZ_CP099470.1	1619
NZ_CP099470.1	1620
NZ_CP100397.1	82
NZ_CP100397.1	82
NZ_CP100398.1	82
NZ_CP100398.1	82
NZ_CP100443.1	82
NZ_CP100443.1	82
NZ_CP100444.1	82
NZ_CP100444.1	82
NZ_CP101137.1	1621
NZ_CP101137.1	1622
NZ_CP101138.1	1623
NZ_CP101138.1	1624
NZ_CP101140.1	1625
NZ_CP101140.1	893
NZ_CP101397.1	1626
NZ_CP101397.1	1627
NZ_CP101398.1	1628
NZ_CP101398.1	1629
NZ_CP101649.1	2
NZ_CP101649.1	2
NZ_CP101650.1	1630
NZ_CP101650.1	1630
NZ_CP101651.1	23
NZ_CP101651.1	2
NZ_CP101652.1	1631
NZ_CP101652.1	1632
NZ_CP101750.1	17
NZ_CP101750.1	17
NZ_CP102332.1	1633
NZ_CP102332.1	1634
NZ_CP102333.1	42
NZ_CP102333.1	1635
NZ_CP102359.1	1636
NZ_CP102359.1	1637
NZ_CP102509.1	226
NZ_CP102509.1	20
NZ_CP102510.1	20
NZ_CP102510.1	127
NZ_CP102512.1	2
NZ_CP102512.1	605
NZ_CP102513.1	10
NZ_CP102513.1	10
NZ_CP102514.1	1638
NZ_CP102514.1	1639
NZ_CP102515.1	1640
NZ_CP102515.1	1640
NZ_CP102516.1	1641
NZ_CP102516.1	1642
NZ_CP102517.1	1643
NZ_CP102517.1	1644
NZ_CP102609.1	12
NZ_CP102609.1	1645
NZ_CP103060.1	1646
NZ_CP103060.1	1647
NZ_CP103061.1	1648
NZ_CP103061.1	1583
NZ_CP103871.1	1649
NZ_CP103871.1	1650
NZ_CP104005.1	1651
NZ_CP104005.1	1652
NZ_CP104098.1	1653
NZ_CP104098.1	1653
NZ_CP104099.1	1654
NZ_CP104099.1	1655
NZ_CP104317.1	1656
NZ_CP104317.1	1657
NZ_CP104318.1	1658
NZ_CP104318.1	1659
NZ_CP104319.1	1660
NZ_CP104319.1	1661
NZ_CP104320.1	1662
NZ_CP104320.1	1663
NZ_CP104578.1	1664
NZ_CP104578.1	1665
NZ_CP104697.1	1666
NZ_CP104697.1	1667
NZ_CP104794.1	1668
NZ_CP104794.1	1669
NZ_CP104864.1	1670
NZ_CP104864.1	1671
NZ_CP106650.1	238
NZ_CP106650.1	238
NZ_CP106651.1	25
NZ_CP106651.1	25
NZ_CP106793.1	1672
NZ_CP106793.1	1673
NZ_CP106794.1	1673
NZ_CP106794.1	1673
NZ_CP106795.1	1674
NZ_CP106795.1	1675
NZ_CP106796.1	42
NZ_CP106796.1	1676
NZ_CP106797.1	1630
NZ_CP106797.1	1677
NZ_CP106798.1	1678
NZ_CP106798.1	1679
NZ_CP106799.1	42
NZ_CP106799.1	1679
NZ_CP106800.1	528
NZ_CP106800.1	528
NZ_CP106840.1	103
NZ_CP106840.1	103
NZ_CP107567.1	1680
NZ_CP107567.1	1681
NZ_CP109672.1	1682
NZ_CP109672.1	1682
NZ_CP110079.1	489
NZ_CP110079.1	1683
NZ_CP110539.1	1684
NZ_CP110539.1	4
NZ_CP110540.1	1685
NZ_CP110540.1	1686
NZ_CP110636.1	1687
NZ_CP110636.1	1688
NZ_CP110818.1	238
NZ_CP110818.1	238
NZ_CP110819.1	25
NZ_CP110819.1	25
NZ_CP110836.1	103
NZ_CP110836.1	103
NZ_CP110845.1	103
NZ_CP110845.1	103
NZ_CP112880.1	1689
NZ_CP112880.1	1690
NZ_CP113103.1	1691
NZ_CP113103.1	1692
NZ_CP113104.1	1693
NZ_CP113104.1	1694
NZ_CP113228.1	238
NZ_CP113228.1	238
NZ_CP113229.1	238
NZ_CP113229.1	238
NZ_CP113262.1	1695
NZ_CP113262.1	1695
NZ_CP113263.1	54
NZ_CP113263.1	54
NZ_CP113837.1	1696
NZ_CP113837.1	1697
NZ_CP113910.1	1698
NZ_CP113910.1	772
NZ_CP113911.1	1699
NZ_CP113911.1	1700
NZ_CP113912.1	605
NZ_CP113912.1	605
NZ_CP114036.1	1701
NZ_CP114036.1	1701
NZ_CP114037.1	1702
NZ_CP114037.1	1703
NZ_CP114200.1	1704
NZ_CP114200.1	1705
NZ_CP114202.1	103
NZ_CP114202.1	103
NZ_CP114203.1	511
NZ_CP114203.1	511
NZ_CP114204.1	1706
NZ_CP114204.1	1707
NZ_CP114205.1	433
NZ_CP114205.1	433
NZ_CP114282.1	1708
NZ_CP114282.1	1709
NZ_CP114283.1	1568
NZ_CP114283.1	1710
NZ_CP114413.1	28
NZ_CP114413.1	28
NZ_CP114905.1	1711
NZ_CP114905.1	0
NZ_CP115300.1	1712
NZ_CP115300.1	1713
NZ_CP115301.1	1714
NZ_CP115301.1	1715
NZ_CP115302.1	1716
NZ_CP115302.1	1717
NZ_CP115450.1	1718
NZ_CP115450.1	1719
NZ_CP115451.1	1720
NZ_CP115451.1	1720
NZ_CP115452.1	1721
NZ_CP115452.1	1722
NZ_CP115453.1	1723
NZ_CP115453.1	1724
NZ_CP115454.1	1717
NZ_CP115454.1	1725
NZ_CP115455.1	1726
NZ_CP115455.1	1727
NZ_CP115936.1	1728
NZ_CP115936.1	1729
NZ_CP115937.1	1730
NZ_CP115937.1	1731
NZ_CP115938.1	1067
NZ_CP115938.1	1732
NZ_CP115939.1	1733
NZ_CP115939.1	1734
NZ_CP115940.1	1735
NZ_CP115940.1	1736
NZ_CP116256.1	1737
NZ_CP116256.1	1327
NZ_CP116257.1	1737
NZ_CP116257.1	1327
NZ_CP116353.1	1738
NZ_CP116353.1	1739
NZ_CP116354.1	1740
NZ_CP116354.1	1741
NZ_CP116355.1	1742
NZ_CP116355.1	1743
NZ_CP116356.1	1067
NZ_CP116356.1	1744
NZ_CP116357.1	1745
NZ_CP116357.1	969
NZ_CP116806.1	1746
NZ_CP116806.1	1747
NZ_CP117521.1	1748
NZ_CP117521.1	155
NZ_CP117522.1	1749
NZ_CP117522.1	1750
NZ_CP117709.1	1751
NZ_CP117709.1	1752
NZ_CP117710.1	1753
NZ_CP117710.1	1753
NZ_CP117711.1	1754
NZ_CP117711.1	1755
NZ_CP117712.1	1756
NZ_CP117712.1	1757
NZ_CP117713.1	1758
NZ_CP117713.1	1759
NZ_CP117866.1	1760
NZ_CP117866.1	1761
NZ_CP117867.1	1762
NZ_CP117867.1	28
NZ_CP117868.1	1763
NZ_CP117868.1	1764
NZ_CP118524.1	1765
NZ_CP118524.1	1766
NZ_CP118525.1	95
NZ_CP118525.1	1767
NZ_CP118526.1	1768
NZ_CP118526.1	1769
NZ_CP118527.1	1770
NZ_CP118527.1	1771
NZ_CP118574.1	1772
NZ_CP118574.1	1773
NZ_CP118575.1	1774
NZ_CP118575.1	1775
NZ_CP118704.1	1776
NZ_CP118704.1	1777
NZ_CP118705.1	1778
NZ_CP118705.1	105
NZ_CP118706.1	1779
NZ_CP118706.1	1780
NZ_CP118707.1	1781
NZ_CP118707.1	1782
NZ_CP118708.1	1776
NZ_CP118708.1	1783
NZ_CP119133.2	1784
NZ_CP119133.2	1785
NZ_CP119134.1	1786
NZ_CP119134.1	1787
NZ_CP119135.2	1788
NZ_CP119135.2	1789
NZ_CP119143.1	1790
NZ_CP119143.1	1791
NZ_CP119144.1	1792
NZ_CP119144.1	1793
NZ_CP119145.1	25
NZ_CP119145.1	25
NZ_CP119146.1	25
NZ_CP119146.1	25
NZ_CP119147.1	59
NZ_CP119147.1	59
NZ_CP119148.1	0
NZ_CP119148.1	234
NZ_CP119149.1	1794
NZ_CP119149.1	1795
NZ_CP119182.1	1796
NZ_CP119182.1	1797
NZ_CP120983.1	1798
NZ_CP120983.1	1799
NZ_CP120984.1	1800
NZ_CP120984.1	1801
NZ_CP120985.1	1802
NZ_CP120985.1	1803
NZ_CP120986.1	1804
NZ_CP120986.1	1805
NZ_CP120987.1	1806
NZ_CP120987.1	1807
NZ_CP120988.1	478
NZ_CP120988.1	1413
NZ_CP120989.1	1808
NZ_CP120989.1	1809
NZ_CP120990.1	1810
NZ_CP120990.1	1811
NZ_CP120991.1	1812
NZ_CP120991.1	1413
NZ_CP120992.1	1813
NZ_CP120992.1	1814
NZ_CP120993.1	1815
NZ_CP120993.1	1816
NZ_CP120994.1	1817
NZ_CP120994.1	1818
NZ_CP120995.1	1819
NZ_CP120995.1	1820
NZ_CP120996.1	1821
NZ_CP120996.1	1819
NZ_CP120997.1	1822
NZ_CP120997.1	1823
NZ_CP120998.1	1824
NZ_CP120998.1	1823
NZ_CP120999.1	1825
NZ_CP120999.1	1826
NZ_CP121000.1	1807
NZ_CP121000.1	1806
NZ_CP121214.1	1827
NZ_CP121214.1	1828
NZ_CP121271.1	1829
NZ_CP121271.1	1830
NZ_CP121272.1	1831
NZ_CP121272.1	1832
NZ_CP121682.1	1833
NZ_CP121682.1	1834
NZ_CP121683.1	730
NZ_CP121683.1	1835
NZ_CP122310.1	1836
NZ_CP122310.1	1837
NZ_CP122368.1	1838
NZ_CP122368.1	1839
NZ_CP122369.1	1840
NZ_CP122369.1	1841
NZ_CP122370.1	1842
NZ_CP122370.1	1843
NZ_CP122371.1	1844
NZ_CP122371.1	1845
NZ_CP122458.1	1846
NZ_CP122458.1	1847
NZ_CP122459.1	1848
NZ_CP122459.1	1849
NZ_CP122560.1	1850
NZ_CP122560.1	1851
NZ_CP123230.1	1852
NZ_CP123230.1	1853
NZ_CP123780.1	1615
NZ_CP123780.1	4
NZ_CP123923.1	1854
NZ_CP123923.1	1855
NZ_CP124542.1	2
NZ_CP124542.1	42
NZ_CP124863.1	1856
NZ_CP124863.1	1857
NZ_CP126066.1	1858
NZ_CP126066.1	1858
NZ_CP127170.1	1859
NZ_CP127170.1	1860
NZ_CP127171.1	1861
NZ_CP127171.1	1860
NZ_CP127172.1	2
NZ_CP127172.1	2
NZ_CP127386.1	1578
NZ_CP127386.1	59
NZ_CP127865.1	1862
NZ_CP127865.1	1863
NZ_CP128384.1	238
NZ_CP128384.1	1864
NZ_CP128846.1	1865
NZ_CP128846.1	1865
NZ_CP128847.1	1866
NZ_CP128847.1	1867
NZ_CP128848.1	1868
NZ_CP128848.1	1869
NZ_CP128849.1	528
NZ_CP128849.1	1870
NZ_CP129125.1	1871
NZ_CP129125.1	1871
NZ_CP129126.1	605
NZ_CP129126.1	1872
NZ_CP129127.1	1115
NZ_CP129127.1	1873
NZ_CP129137.1	1874
NZ_CP129137.1	1875
NZ_CP129138.1	1876
NZ_CP129138.1	1877
NZ_CP129139.1	1878
NZ_CP129139.1	1879
NZ_CP129140.1	1880
NZ_CP129140.1	1881
NZ_CP129141.1	1882
NZ_CP129141.1	1883
NZ_CP129142.1	1884
NZ_CP129142.1	1885
NZ_CP129915.1	1886
NZ_CP129915.1	1887
NZ_CP129916.1	1888
NZ_CP129916.1	1889
NZ_CP130487.1	1127
NZ_CP130487.1	1890
NZ_CP130630.1	1891
NZ_CP130630.1	1892
NZ_CP130631.1	1893
NZ_CP130631.1	1894
NZ_CP130632.1	1895
NZ_CP130632.1	1896
NZ_CP130681.1	1897
NZ_CP130681.1	1526
NZ_CP130682.1	1677
NZ_CP130682.1	1898
NZ_CP130713.1	1899
NZ_CP130713.1	1900
NZ_CP132975.1	1737
NZ_CP132975.1	1327
NZ_CP133098.1	1901
NZ_CP133098.1	1902
NZ_CP133099.1	1903
NZ_CP133099.1	1904
NZ_CP133100.1	1393
NZ_CP133100.1	1115
NZ_CP133215.1	1905
NZ_CP133215.1	1906
NZ_CP133227.1	1907
NZ_CP133227.1	1908
NZ_CP133228.1	1909
NZ_CP133228.1	1910
NZ_CP133762.1	1911
NZ_CP133762.1	1912
NZ_CP133771.1	1913
NZ_CP133771.1	1914
NZ_CP134053.1	1568
NZ_CP134053.1	1915
NZ_CP134201.1	1916
NZ_CP134201.1	1917
NZ_CP134203.1	1918
NZ_CP134203.1	1918
NZ_CP134204.1	31
NZ_CP134204.1	68
NZ_CP134205.1	14
NZ_CP134205.1	1918
NZ_CP134213.1	1919
NZ_CP134213.1	1920
NZ_CP134214.1	1921
NZ_CP134214.1	1922
NZ_CP134493.1	1923
NZ_CP134493.1	1924
NZ_CP134500.1	181
NZ_CP134500.1	181
NZ_CP134605.1	262
NZ_CP134605.1	1925
NZ_CP134606.1	90
NZ_CP134606.1	90
NZ_CP134607.1	2
NZ_CP134607.1	1926
NZ_CP134608.1	1927
NZ_CP134608.1	1928
NZ_CP134609.1	1929
NZ_CP134609.1	1929
NZ_CP134610.1	1929
NZ_CP134610.1	133
NZ_CP134611.1	1929
NZ_CP134611.1	0
NZ_CP134612.1	1930
NZ_CP134612.1	1930
NZ_CP134613.1	1930
NZ_CP134613.1	1930
NZ_CP134614.1	1115
NZ_CP134614.1	1930
NZ_CP134615.1	1931
NZ_CP134615.1	1932
NZ_CP134875.1	751
NZ_CP134875.1	752
NZ_CP134877.1	1933
NZ_CP134877.1	1934
NZ_CP135078.1	1935
NZ_CP135078.1	1936
NZ_CP135079.1	1937
NZ_CP135079.1	1938
NZ_CP135085.1	12
NZ_CP135085.1	12
NZ_CP135086.1	228
NZ_CP135086.1	228
NZ_CP136563.1	1918
NZ_CP136563.1	1918
NZ_CP136652.1	1028
NZ_CP136652.1	1029
NZ_CP136667.1	1939
NZ_CP136667.1	1940
NZ_CP136798.1	1941
NZ_CP136798.1	1942
NZ_CP137002.1	1943
NZ_CP137002.1	1943
NZ_CP137524.1	23
NZ_CP137524.1	1944
NZ_CP137525.1	605
NZ_CP137525.1	1904
NZ_CP137549.1	1945
NZ_CP137549.1	1946
NZ_CP137550.1	1947
NZ_CP137550.1	1948
NZ_CP137573.1	1949
NZ_CP137573.1	1950
NZ_CP137734.1	1951
NZ_CP137734.1	1952
NZ_CP137895.1	1953
NZ_CP137895.1	1953
NZ_CP138628.1	861
NZ_CP138628.1	1954
NZ_CP138629.1	1955
NZ_CP138629.1	1956
NZ_CP138630.1	861
NZ_CP138630.1	861
NZ_CP138631.1	1957
NZ_CP138631.1	1958
NZ_CP139044.1	605
NZ_CP139044.1	1959
NZ_CP139045.1	1115
NZ_CP139045.1	1332
NZ_CP139046.1	1960
NZ_CP139046.1	605
NZ_CP139175.1	1961
NZ_CP139175.1	1961
NZ_CP139176.1	1961
NZ_CP139176.1	1961
NZ_CP139364.1	1962
NZ_CP139364.1	630
NZ_CP139824.1	0
NZ_CP139824.1	0
NZ_CP139930.1	951
NZ_CP139930.1	952
NZ_CP140097.1	1963
NZ_CP140097.1	1964
NZ_CP140156.1	238
NZ_CP140156.1	238
NZ_CP140774.1	1965
NZ_CP140774.1	1966
NZ_CP140775.1	1967
NZ_CP140775.1	1968
NZ_CP140776.1	1969
NZ_CP140776.1	1970
NZ_CP140777.1	1971
NZ_CP140777.1	1972
NZ_CP141102.1	1973
NZ_CP141102.1	1974
NZ_CP141222.1	1975
NZ_CP141222.1	1976
NZ_CP141223.1	190
NZ_CP141223.1	190
NZ_CP141532.1	1977
NZ_CP141532.1	1978
NZ_CP141909.1	1979
NZ_CP141909.1	1980
NZ_CP142147.1	1981
NZ_CP142147.1	1981
NZ_CP143088.1	1115
NZ_CP143088.1	1115
NZ_CP144226.1	1249
NZ_CP144226.1	1982
NZ_CP144227.1	772
NZ_CP144227.1	1904
NZ_CP144555.1	1983
NZ_CP144555.1	2
NZ_CP145515.1	1984
NZ_CP145515.1	1985
NZ_CP146022.1	1318
NZ_CP146022.1	150
NZ_CP146023.1	1986
NZ_CP146023.1	1987
NZ_CP146101.1	1988
NZ_CP146101.1	1989
NZ_CP146350.1	1990
NZ_CP146350.1	1990
NZ_CP146837.1	1991
NZ_CP146837.1	10
NZ_CP146838.1	1992
NZ_CP146838.1	1993
NZ_CP146839.1	1994
NZ_CP146839.1	1995
NZ_CP146840.1	1996
NZ_CP146840.1	1997
NZ_CP146988.1	1998
NZ_CP146988.1	1999
NZ_CP147520.1	10
NZ_CP147520.1	1691
NZ_CP147865.1	2000
NZ_CP147865.1	2001
NZ_CP147866.1	2002
NZ_CP147866.1	2003
NZ_CP147867.1	2
NZ_CP147867.1	2
NZ_CP147982.1	2004
NZ_CP147982.1	2005
NZ_CP149447.1	2
NZ_CP149447.1	2006
NZ_CP149448.1	2007
NZ_CP149448.1	2008
NZ_CP149796.1	2009
NZ_CP149796.1	2010
NZ_CP149797.1	2011
NZ_CP149797.1	2012
NZ_CP149798.1	2013
NZ_CP149798.1	2014
NZ_CP149799.1	2015
NZ_CP149799.1	2016
NZ_CP150879.1	2017
NZ_CP150879.1	2018
NZ_CP150880.1	2019
NZ_CP150880.1	2020
NZ_CP152102.1	2021
NZ_CP152102.1	632
NZ_CP155141.1	2022
NZ_CP155141.1	2023
NZ_CP157807.1	2024
NZ_CP157807.1	2025
NZ_CP157808.1	2026
NZ_CP157808.1	2027
NZ_CP157809.1	2028
NZ_CP157809.1	2029
NZ_CP157810.1	2030
NZ_CP157810.1	2031
NZ_CP157811.1	2032
NZ_CP157811.1	2033
NZ_CP157812.1	2034
NZ_CP157812.1	2035
NZ_CP159534.1	2036
NZ_CP159534.1	2037
NZ_CP159535.1	2037
NZ_CP159535.1	201
NZ_CP159802.1	531
NZ_CP159802.1	2038
NZ_CP159872.1	2039
NZ_CP159872.1	2040
NZ_CP159873.1	2041
NZ_CP159873.1	2042
NZ_CP160048.1	2043
NZ_CP160048.1	2044
NZ_CP160402.1	105
NZ_CP160402.1	105
NZ_CP160403.1	2045
NZ_CP160403.1	2045
NZ_CP160404.1	1575
NZ_CP160404.1	2046
NZ_CP160458.1	2047
NZ_CP160458.1	2048
NZ_CP161948.1	2
NZ_CP161948.1	2049
NZ_CP161949.1	2050
NZ_CP161949.1	2051
NZ_CP162102.1	2052
NZ_CP162102.1	2053
NZ_CP162609.1	1568
NZ_CP162609.1	2054
NZ_CP163425.1	2055
NZ_CP163425.1	2056
NZ_CP163426.1	62
NZ_CP163426.1	2057
NZ_CP163427.1	1181
NZ_CP163427.1	1029
NZ_CP163429.1	2
NZ_CP163429.1	2058
NZ_CP163430.1	42
NZ_CP163430.1	2
NZ_CP163431.1	2059
NZ_CP163431.1	2060
NZ_CP163432.1	2061
NZ_CP163432.1	2062
NZ_CP163433.1	2063
NZ_CP163433.1	2064
NZ_CP163434.1	2065
NZ_CP163434.1	2066
NZ_CP163435.1	2067
NZ_CP163435.1	2068
NZ_CP163436.1	2069
NZ_CP163436.1	2070
NZ_CP163437.1	2071
NZ_CP163437.1	2072
NZ_CP163438.1	2073
NZ_CP163438.1	2074
NZ_CP163439.1	2075
NZ_CP163439.1	1583
NZ_CP163440.1	2076
NZ_CP163440.1	2077
NZ_CP163441.1	2078
NZ_CP163441.1	2079
NZ_CP163442.1	2067
NZ_CP163442.1	2080
NZ_CP163443.1	2081
NZ_CP163443.1	2082
NZ_CP163444.1	2083
NZ_CP163444.1	2084
NZ_CP163445.1	2085
NZ_CP163445.1	2086
NZ_CP163518.1	2087
NZ_CP163518.1	2088
NZ_CP163519.1	1476
NZ_CP163519.1	2089
NZ_CP163520.1	1318
NZ_CP163520.1	424
NZ_CP163521.1	2090
NZ_CP163521.1	28
NZ_CP163522.1	1115
NZ_CP163522.1	1115
NZ_CP163523.1	2091
NZ_CP163523.1	2092
NZ_CP163524.1	2093
NZ_CP163524.1	2094
NZ_CP163525.1	2095
NZ_CP163525.1	2096
NZ_CP163526.1	1918
NZ_CP163526.1	2097
NZ_CP163527.1	2098
NZ_CP163527.1	2099
NZ_CP165727.1	127
NZ_CP165727.1	2100
NZ_CP165728.1	324
NZ_CP165728.1	2101
NZ_CP166299.1	2102
NZ_CP166299.1	2103
NZ_CP166300.1	2104
NZ_CP166300.1	2105
NZ_CP166301.1	2106
NZ_CP166301.1	2107
NZ_CP167927.1	2
NZ_CP167927.1	2
NZ_CP167928.1	2108
NZ_CP167928.1	2
NZ_CP167929.1	148
NZ_CP167929.1	148
NZ_CP167930.1	2109
NZ_CP167930.1	2110
NZ_CP169412.1	1028
NZ_CP169412.1	1029
NZ_CP169413.1	2111
NZ_CP169413.1	2112
NZ_CP169414.1	2113
NZ_CP169414.1	2114
NZ_CP169548.1	2115
NZ_CP169548.1	2116
NZ_CP169549.1	2117
NZ_CP169549.1	2118
NZ_CP169550.1	2119
NZ_CP169550.1	2120
NZ_CP169551.1	2121
NZ_CP169551.1	2122
NZ_CP169552.1	248
NZ_CP169552.1	20
NZ_CP169553.1	2123
NZ_CP169553.1	2124
NZ_CP169554.1	2125
NZ_CP169554.1	2126
NZ_CP170353.1	2127
NZ_CP170353.1	2128
NZ_CP170354.1	2129
NZ_CP170354.1	2130
NZ_CP170369.1	1576
NZ_CP170369.1	2131
NZ_CP170373.1	2132
NZ_CP170373.1	2133
NZ_CP170387.1	2134
NZ_CP170387.1	2135
NZ_CP170388.1	2136
NZ_CP170388.1	0
NZ_CP170483.1	2137
NZ_CP170483.1	2137
NZ_CP170484.1	305
NZ_CP170484.1	305
NZ_CP171642.1	2138
NZ_CP171642.1	2139
NZ_CP171643.1	2140
NZ_CP171643.1	2141
NZ_CP171644.1	2142
NZ_CP171644.1	25
NZ_CP171841.1	2143
NZ_CP171841.1	2144
NZ_CP172414.1	71
NZ_CP172414.1	2145
NZ_CP172415.1	17
NZ_CP172415.1	17
NZ_CP172446.1	2146
NZ_CP172446.1	1592
NZ_CP172447.1	2049
NZ_CP172447.1	2049
NZ_CP172448.1	2147
NZ_CP172448.1	2148
NZ_CP173276.1	2149
NZ_CP173276.1	2149
NZ_CP173360.1	2150
NZ_CP173360.1	2151
NZ_CP173361.1	2152
NZ_CP173361.1	2153
NZ_CP173362.1	2154
NZ_CP173362.1	2155
NZ_CP173363.1	2156
NZ_CP173363.1	2157
NZ_CP173364.1	2158
NZ_CP173364.1	152
NZ_CP173365.1	2159
NZ_CP173365.1	2160
NZ_CP173366.1	2161
NZ_CP173366.1	2162
NZ_CP173367.1	2163
NZ_CP173367.1	2164
NZ_CP173368.1	1615
NZ_CP173368.1	2165
NZ_CP173703.1	2166
NZ_CP173703.1	2167
NZ_CP173704.1	2168
NZ_CP173704.1	2169
NZ_CP173705.1	26
NZ_CP173705.1	2170
NZ_CP174283.1	2171
NZ_CP174283.1	2172
NZ_CP174284.1	2173
NZ_CP174284.1	1115
NZ_CP176503.1	2174
NZ_CP176503.1	2175
NZ_CP176504.1	2176
NZ_CP176504.1	2177
NZ_JBDJAU010000001.1	2178
NZ_JBDJAU010000001.1	2179
NZ_JBDJAU010000002.1	2180
NZ_JBDJAU010000002.1	2181
NZ_JBDJAU010000003.1	2182
NZ_JBDJAU010000003.1	2183
NZ_JBDJAU010000004.1	2184
NZ_JBDJAU010000004.1	2185
NZ_JBDJAU010000005.1	2180
NZ_JBDJAU010000005.1	2181
NZ_JBDJAU010000006.1	2186
NZ_JBDJAU010000006.1	2187
NZ_JBDJAU010000007.1	2188
NZ_JBDJAU010000007.1	2189
NZ_JBDJAU010000008.1	2190
NZ_JBDJAU010000008.1	2191
NZ_JBDJAU010000009.1	2192
NZ_JBDJAU010000009.1	2193
NZ_JBDJAU010000010.1	2194
NZ_JBDJAU010000010.1	2195
NZ_JBDJAU010000011.1	2196
NZ_JBDJAU010000011.1	2197
NZ_JBDJAU010000012.1	2198
NZ_JBDJAU010000012.1	2199
NZ_JBDJAU010000013.1	2200
NZ_JBDJAU010000013.1	2201
NZ_JBDJAU010000014.1	2202
NZ_JBDJAU010000014.1	2203
NZ_JBDJAU010000015.1	2204
NZ_JBDJAU010000015.1	2205
NZ_JBDJAU010000016.1	2206
NZ_JBDJAU010000016.1	2207
NZ_JBDJAU010000017.1	2208
NZ_JBDJAU010000017.1	2209
NZ_JBDJAU010000018.1	2210
NZ_JBDJAU010000018.1	2211
NZ_JBDJAU010000019.1	2212
NZ_JBDJAU010000019.1	2213
NZ_JBDJAU010000020.1	2214
NZ_JBDJAU010000020.1	2215
NZ_JBDJAU010000021.1	2216
NZ_JBDJAU010000021.1	2217
NZ_JBDJAU010000022.1	2218
NZ_JBDJAU010000022.1	2219
NZ_JBDJAU010000023.1	2220
NZ_JBDJAU010000023.1	2221
NZ_JBDJAU010000024.1	2222
NZ_JBDJAU010000024.1	2223
NZ_JBDJAU010000025.1	2224
NZ_JBDJAU010000025.1	2225
NZ_JBDJAU010000026.1	2226
NZ_JBDJAU010000026.1	2227
NZ_JBDJAU010000027.1	2228
NZ_JBDJAU010000027.1	2229
NZ_JBDJAU010000028.1	2230
NZ_JBDJAU010000028.1	2231
NZ_JBDJAU010000029.1	2232
NZ_JBDJAU010000029.1	2233
NZ_JBDJAU010000030.1	2234
NZ_JBDJAU010000030.1	2235
NZ_JBDJAU010000031.1	2236
NZ_JBDJAU010000031.1	2237
NZ_JBDJAU010000032.1	2238
NZ_JBDJAU010000032.1	2239
NZ_JBDJAU010000033.1	2240
NZ_JBDJAU010000033.1	2241
NZ_JBDJAU010000034.1	2242
NZ_JBDJAU010000034.1	2243
NZ_JBDJAU010000035.1	2244
NZ_JBDJAU010000035.1	2245
NZ_JBDJAU010000036.1	2246
NZ_JBDJAU010000036.1	2247
NZ_JBDJAU010000037.1	2248
NZ_JBDJAU010000037.1	2249
NZ_JBDJAU010000038.1	2250
NZ_JBDJAU010000038.1	2251
NZ_JBDJAU010000039.1	2252
NZ_JBDJAU010000039.1	2253
NZ_JBDJAU010000040.1	2218
NZ_JBDJAU010000040.1	2254
NZ_JBDJAU010000041.1	2224
NZ_JBDJAU010000041.1	2198
NZ_JBDJAU010000042.1	2255
NZ_JBDJAU010000042.1	2256
NZ_JBDJAU010000043.1	2257
NZ_JBDJAU010000043.1	2258
NZ_JBDJAU010000044.1	2259
NZ_JBDJAU010000044.1	2260
NZ_JBDJAU010000045.1	2261
NZ_JBDJAU010000045.1	2262
NZ_JBDJAU010000046.1	2263
NZ_JBDJAU010000046.1	2264
NZ_JBDJAU010000047.1	2265
NZ_JBDJAU010000047.1	2266
NZ_JBDJAU010000048.1	2267
NZ_JBDJAU010000048.1	2268
NZ_JBDJAU010000049.1	2269
NZ_JBDJAU010000049.1	2238
NZ_JBDJAU010000050.1	2270
NZ_JBDJAU010000050.1	2271
NZ_JBDJAU010000051.1	2272
NZ_JBDJAU010000051.1	2220
NZ_JBDJAU010000052.1	2273
NZ_JBDJAU010000052.1	2274
NZ_JBDJAU010000053.1	2275
NZ_JBDJAU010000053.1	2204
NZ_JBDJAU010000054.1	2276
NZ_JBDJAU010000054.1	2277
NZ_JBDJAU010000055.1	2278
NZ_JBDJAU010000055.1	2279
NZ_JBDJAU010000056.1	2205
NZ_JBDJAU010000056.1	2280
NZ_JBDJAU010000057.1	2281
NZ_JBDJAU010000057.1	2282
NZ_JBDJAU010000058.1	2283
NZ_JBDJAU010000058.1	2284
NZ_JBDJAU010000059.1	2285
NZ_JBDJAU010000059.1	2286
NZ_JBDJAU010000060.1	2227
NZ_JBDJAU010000060.1	2287
NZ_JBDJAU010000061.1	2288
NZ_JBDJAU010000061.1	2289
NZ_JBDJAU010000062.1	2290
NZ_JBDJAU010000062.1	2291
NZ_JBDJAU010000063.1	2292
NZ_JBDJAU010000063.1	2293
NZ_JBDJAU010000064.1	2294
NZ_JBDJAU010000064.1	1923
NZ_JBDJAU010000065.1	2237
NZ_JBDJAU010000065.1	2295
NZ_JBDJAU010000066.1	2296
NZ_JBDJAU010000066.1	2297
NZ_JBDJAU010000067.1	2298
NZ_JBDJAU010000067.1	2299
NZ_JBDJAU010000068.1	2300
NZ_JBDJAU010000068.1	2301
NZ_JBDJAU010000069.1	2302
NZ_JBDJAU010000069.1	2303
NZ_JBDJAU010000070.1	2304
NZ_JBDJAU010000070.1	2305
NZ_JBDJAU010000071.1	2306
NZ_JBDJAU010000071.1	2307
NZ_JBDJAU010000072.1	2308
NZ_JBDJAU010000072.1	2309
NZ_JBDJAU010000073.1	2310
NZ_JBDJAU010000073.1	2311
NZ_JBDJAU010000074.1	2312
NZ_JBDJAU010000074.1	2313
NZ_JBDJAU010000075.1	2314
NZ_JBDJAU010000075.1	2310
NZ_JBDJAU010000076.1	2315
NZ_JBDJAU010000076.1	2316
NZ_JBDJAU010000077.1	2317
NZ_JBDJAU010000077.1	2318
NZ_JBDJAU010000078.1	2319
NZ_JBDJAU010000078.1	2320
NZ_JBDJAU010000079.1	2321
NZ_JBDJAU010000079.1	2322
NZ_JBDJAU010000080.1	2323
NZ_JBDJAU010000080.1	2324
NZ_JBDJAU010000081.1	2325
NZ_JBDJAU010000081.1	2326
NZ_JBDJAU010000082.1	2327
NZ_JBDJAU010000082.1	2328
NZ_JBDJAU010000083.1	2329
NZ_JBDJAU010000083.1	2330
NZ_JBDJAU010000084.1	2331
NZ_JBDJAU010000084.1	2288
NZ_JBDJAU010000085.1	2332
NZ_JBDJAU010000085.1	2333
NZ_JBDJAU010000086.1	2229
NZ_JBDJAU010000086.1	2334
NZ_JBDJAU010000087.1	2335
NZ_JBDJAU010000087.1	2336
NZ_JBDJAU010000088.1	2337
NZ_JBDJAU010000088.1	2338
NZ_JBDJAU010000089.1	2339
NZ_JBDJAU010000089.1	2340
NZ_JBDJAU010000090.1	2341
NZ_JBDJAU010000090.1	2342
NZ_JBDJAU010000091.1	2342
NZ_JBDJAU010000091.1	2343
NZ_JBDJAU010000092.1	2344
NZ_JBDJAU010000092.1	2345
NZ_JBDJAU010000093.1	2249
NZ_JBDJAU010000093.1	2346
NZ_JBDJAU010000094.1	2347
NZ_JBDJAU010000094.1	2348
NZ_JBDJAU010000095.1	2349
NZ_JBDJAU010000095.1	2350
NZ_JBDJAU010000096.1	2351
NZ_JBDJAU010000096.1	2352
NZ_JBDJAU010000097.1	2353
NZ_JBDJAU010000097.1	2354
NZ_JBDJAU010000098.1	2312
NZ_JBDJAU010000098.1	2355
NZ_JBDJAU010000099.1	2356
NZ_JBDJAU010000099.1	2357
NZ_JBDJAU010000100.1	2311
NZ_JBDJAU010000100.1	2352
NZ_JBDJAU010000101.1	2358
NZ_JBDJAU010000101.1	2359
NZ_JBDJAU010000102.1	2360
NZ_JBDJAU010000102.1	2361
NZ_JBDJAU010000103.1	2248
NZ_JBDJAU010000103.1	2362
NZ_JBDJAU010000104.1	2363
NZ_JBDJAU010000104.1	2364
NZ_JBDJAU010000105.1	2365
NZ_JBDJAU010000105.1	2366
NZ_JBDJAU010000106.1	2298
NZ_JBDJAU010000106.1	2367
NZ_JBDJAU010000107.1	2368
NZ_JBDJAU010000107.1	2369
NZ_JBDJAU010000108.1	2370
NZ_JBDJAU010000108.1	2371
NZ_JBDJAU010000109.1	2372
NZ_JBDJAU010000109.1	2373
NZ_JBDJAU010000110.1	2374
NZ_JBDJAU010000110.1	2375
NZ_JBDJAU010000111.1	2376
NZ_JBDJAU010000111.1	2250
NZ_JBDJAU010000112.1	2377
NZ_JBDJAU010000112.1	2378
NZ_JBDJAU010000113.1	2372
NZ_JBDJAU010000113.1	2379
NZ_JBDJAU010000114.1	2380
NZ_JBDJAU010000114.1	2381
NZ_JBDJAU010000115.1	2382
NZ_JBDJAU010000115.1	2383
NZ_JBDJAU010000116.1	2384
NZ_JBDJAU010000116.1	2385
NZ_JBDJAU010000117.1	2386
NZ_JBDJAU010000117.1	2387
NZ_JBDJAU010000118.1	2388
NZ_JBDJAU010000118.1	1154
NZ_JBDJAU010000119.1	2389
NZ_JBDJAU010000119.1	2390
NZ_JBDJAU010000120.1	2391
NZ_JBDJAU010000120.1	2392
NZ_JBDJAU010000121.1	2393
NZ_JBDJAU010000121.1	2260
NZ_JBDJAU010000122.1	2394
NZ_JBDJAU010000122.1	2395
NZ_JBDJAU010000123.1	2396
NZ_JBDJAU010000123.1	2397
NZ_JBDJAU010000124.1	2398
NZ_JBDJAU010000124.1	2399
NZ_JBDJAU010000125.1	2400
NZ_JBDJAU010000125.1	2401
NZ_JBDJAU010000126.1	2402
NZ_JBDJAU010000126.1	2403
NZ_JBDJAU010000127.1	2404
NZ_JBDJAU010000127.1	2405
NZ_JBDJAU010000128.1	2406
NZ_JBDJAU010000128.1	2407
NZ_JBDJAU010000129.1	2408
NZ_JBDJAU010000129.1	2409
NZ_JBDJAU010000130.1	2408
NZ_JBDJAU010000130.1	2409
NZ_JBDJAU010000131.1	2410
NZ_JBDJAU010000131.1	2411
NZ_JBDJAU010000132.1	2412
NZ_JBDJAU010000132.1	2413
NZ_JBDJAU010000133.1	2414
NZ_JBDJAU010000133.1	2415
NZ_JBDJAU010000134.1	2416
NZ_JBDJAU010000134.1	2417
NZ_JBDJAU010000135.1	2418
NZ_JBDJAU010000135.1	2373
NZ_JBDJAU010000136.1	2397
NZ_JBDJAU010000136.1	2372
NZ_JBDJAU010000137.1	2401
NZ_JBDJAU010000137.1	2400
NZ_JBDJAU010000138.1	2419
NZ_JBDJAU010000138.1	2420
NZ_JBDJAU010000139.1	2281
NZ_JBDJAU010000139.1	2421
NZ_JBDJAU010000140.1	2422
NZ_JBDJAU010000140.1	2423
NZ_JBDJAU010000141.1	2379
NZ_JBDJAU010000141.1	2418
NZ_JBDJAU010000142.1	2416
NZ_JBDJAU010000142.1	2424
NZ_JBDJAU010000143.1	2186
NZ_JBDJAU010000143.1	2425
NZ_JBDJAU010000144.1	2426
NZ_JBDJAU010000144.1	2427
NZ_JBDJAU010000145.1	2330
NZ_JBDJAU010000145.1	2428
NZ_JBDJAU010000146.1	2356
NZ_JBDJAU010000146.1	2429
NZ_JBDJAU010000147.1	2430
NZ_JBDJAU010000147.1	2431
NZ_JBDJAU010000148.1	2432
NZ_JBDJAU010000148.1	2433
NZ_JBDJAU010000149.1	2434
NZ_JBDJAU010000149.1	2435
NZ_JBDJAU010000150.1	2436
NZ_JBDJAU010000150.1	2421
NZ_JBFOHP010000001.1	2437
NZ_JBFOHP010000001.1	2438
NZ_JBFOHP010000002.1	2439
NZ_JBFOHP010000002.1	1178
NZ_KV917383.1	2440
NZ_KV917383.1	2441
NZ_KV917384.1	2442
NZ_KV917384.1	2442
NZ_KV917385.1	2440
NZ_KV917385.1	2441
NZ_KV917386.1	2443
NZ_KV917386.1	2444
NZ_LN831788.1	2445
NZ_LN831788.1	2446
NZ_LN831789.1	2
NZ_LN831789.1	2447
NZ_LN831790.1	605
NZ_LN831790.1	2448
NZ_LN881739.1	2449
NZ_LN881739.1	2450
NZ_LN997842.1	2451
NZ_LN997842.1	2452
NZ_LN997843.1	2453
NZ_LN997843.1	2454
NZ_LN997844.1	10
NZ_LN997844.1	1127
NZ_LN997845.1	2455
NZ_LN997845.1	2456
NZ_LR881952.1	1529
NZ_LR881952.1	2457
NZ_LR881953.1	2458
NZ_LR881953.1	2458
NZ_LT629768.1	2459
NZ_LT629768.1	0
NZ_LT629775.1	2460
NZ_LT629775.1	0
NZ_LT670819.1	2461
NZ_LT670819.1	0
NZ_LT907981.1	2462
NZ_LT907981.1	0
NZ_LT962942.1	605
NZ_LT962942.1	605
NZ_LT963352.1	605
NZ_LT963352.1	605
NZ_OX371412.1	2463
NZ_OX371412.1	2464
NZ_OX371413.1	2465
NZ_OX371413.1	2466
NZ_OX371414.1	2467
NZ_OX371414.1	2468
NZ_OX419519.1	2469
NZ_OX419519.1	2470
NZ_OX419520.1	2471
NZ_OX419520.1	2472
NZ_OX419521.1	2473
NZ_OX419521.1	2474
NZ_OZ186760.1	2475
NZ_OZ186760.1	2476
NZ_OZ186761.1	2
NZ_OZ186761.1	2477
NZ_OZ186791.1	2478
NZ_OZ186791.1	2478
NZ_OZ186792.1	2479
NZ_OZ186792.1	12
NZ_OZ186793.1	2480
NZ_OZ186793.1	2480
NZ_OZ186794.1	1904
NZ_OZ186794.1	2481
NZ_OZ186795.1	2482
NZ_OZ186795.1	2483
S.lonegramiae	1332
S.lonegramiae	1332
Streptomyces_griseus_strain_2247_telomeric_sequence_	4
X77096	2
