strain	replicon	ill_left_ext	ill_right_ext	np_left_ext	np_right_ext
NBC_00001	CP108322	12	12	48	7
NBC_00002	CP108321	24	22	3357	3347
NBC_00003	CP108318	15	119	rejected	9493
NBC_00003	CP108319	116	119	rejected	3119
NBC_00003	CP108320	120	119	2909	rejected
NBC_00005	CP108316	12	14	10	8
NBC_00005	CP108317	rejected	rejected	rejected	rejected
NBC_00008	CP108313	110	18	61	23
NBC_00008	CP108314	14	111	rejected	rejected
NBC_00008	CP108315	18	112	rejected	rejected
NBC_00009	CP108312	14	14	6	6
NBC_00012	CP108309	13	13	rejected	rejected
NBC_00012	CP108310	14	13	rejected	rejected
NBC_00012	CP108311	13	15	rejected	rejected
NBC_00015	CP108306	23	20	rejected	1
NBC_00015	CP108307	21	19	rejected	179
NBC_00015	CP108308	23	20	4509	4510
NBC_00016	CP108304	12	12	32	32
NBC_00016	CP108305	12	12	1	4
NBC_00017	CP108341	12	12	4	2
NBC_00019	CP108302	12	13	16	rejected
NBC_00019	CP108303	14	11	11	14
NBC_00022	CP108299	12	12	1273	6
NBC_00022	CP108300	12	12	3	3
NBC_00022	CP108301	13	14	rejected	rejected
NBC_00023	CP108339	11	11	2191	2188
NBC_00024	CP108298	rejected	rejected	rejected	rejected
NBC_00027	CP108295	14	152	4	23452
NBC_00027	CP108296	rejected	120	rejected	47365
NBC_00027	CP108297	119	14	30270	530
NBC_00028	CP108293	14	14	14	14
NBC_00028	CP108294	14	14	14	14
NBC_00029	CP108292	13	13	4	4
NBC_00035	CP108291	39	39	4	4
NBC_00040	CP108287	23	23	5	5
NBC_00040	CP108288	rejected	rejected	2	1
NBC_00041	CP108283	13	14	2410	rejected
NBC_00041	CP108284	13	13	6196	2407
NBC_00041	CP108286	13	119	1	rejected
NBC_00042	CP108281	13	14	2	rejected
NBC_00042	CP108281	13	14	2	rejected
NBC_00042	CP108281	13	14	2	rejected
NBC_00042	CP108281	13	14	2	rejected
NBC_00042	CP108282	12	13	5	1
NBC_00042	CP108282	12	13	5	1
NBC_00042	CP108282	12	13	5	1
NBC_00042	CP108282	12	13	5	1
NBC_00043	CP108276	11	12	2412	rejected
NBC_00043	CP108277	11	13	2411	2408
NBC_00043	CP108280	11	121	5	rejected
NBC_00044	CP108273	22	22	6	6
NBC_00044	CP108274	23	23	2	9
NBC_00044	CP108275	22	82	1	rejected
NBC_00045	CP108271	119	rejected	1232	rejected
NBC_00045	CP108272	1	2	1	7
NBC_00046	CP108268	rejected	rejected	rejected	rejected
NBC_00046	CP108269	14	14	8803	8805
NBC_00046	CP108270	rejected	rejected	rejected	rejected
NBC_00048	CP108266	12	12	1	rejected
NBC_00048	CP108267	rejected	rejected	7	4
NBC_00049	CP108264	96	106	rejected	49
NBC_00049	CP108265	115	114	3021	2450
NBC_00053	CP108261	10	16	rejected	3153
NBC_00053	CP108262	14	13	3127	rejected
NBC_00053	CP108263	15	14	3154	rejected
NBC_00055	CP108259	12	12	2	2
NBC_00055	CP108260	11	11	10	10
NBC_00056	CP108258	rejected	rejected	rejected	3
NBC_00057	CP108256	89	89	1	1
NBC_00057	CP108257	89	11	1	3
NBC_00060	CP108253	12	12	401	401
NBC_00060	CP108254	13	13	29	1
NBC_00060	CP108255	13	117	1	21590
NBC_00069	CP108249	116	12	6612	1
NBC_00073	CP108244	12	12	50	50
NBC_00073	CP108245	14	rejected	48	14
NBC_00073	CP108246	13	12	3	5
NBC_00075	CP108243	rejected	rejected	59	12
NBC_00076	CP108242	14	14	rejected	rejected
NBC_00077	CP108238	126	126	10876	10876
NBC_00077	CP108239	rejected	140	rejected	rejected
NBC_00077	CP108240	24	115	15	6544
NBC_00077	CP108241	115	24	6850	rejected
NBC_00079	CP108237	15	rejected	7	rejected
NBC_00080	CP108235	11	11	2	2
NBC_00080	CP108236	11	11	6	6
NBC_00081	CP108234	rejected	rejected	rejected	rejected
NBC_00082	CP108233	14	14	11	18
NBC_00082	CP108233	14	14	11	18
NBC_00082	CP108233	14	14	11	18
NBC_00082	CP108233	14	14	11	18
NBC_00084	CP108230	22	22	16	16
NBC_00084	CP108231	23	23	8	16
NBC_00084	CP108232	22	23	rejected	35
NBC_00087	CP108227	13	13	rejected	3
NBC_00087	CP108228	13	12	2	3
NBC_00088	CP108225	15	14	rejected	rejected
NBC_00088	CP108226	12	11	8	1
NBC_00090	CP108224	19	19	24	4
NBC_00093	CP108222	11	14	rejected	rejected
NBC_00093	CP108223	12	12	726	603
NBC_00096	CP108221	100	107	rejected	rejected
NBC_00099	CP108218	11	11	9	7
NBC_00099	CP108219	11	11	9	8
NBC_00101	CP108217	14	14	5	5
NBC_00104	CP108215	17	17	4	4
NBC_00105	CP108213	11	11	6	6
NBC_00105	CP108214	11	14	6	1481
NBC_00107	CP108207	11	11	614	612
NBC_00110	CP108206	13	13	10	4
NBC_00111	CP108203	rejected	119	2900	rejected
NBC_00111	CP108205	rejected	rejected	1	rejected
NBC_00114	CP108201	15	15	3	3
NBC_00116	CP108200	12	11	56	8
NBC_00117	CP108199	rejected	rejected	5	5
NBC_00118	CP108198	rejected	rejected	rejected	rejected
NBC_00119	CP108195	rejected	rejected	rejected	rejected
NBC_00119	CP108196	99	111	895	282
NBC_00119	CP108197	113	120	12614	rejected
NBC_00121	CP108194	14	14	6915	6915
NBC_00122	CP108191	rejected	rejected	26	2
NBC_00122	CP108192	107	107	5	5
NBC_00122	CP108193	122	rejected	23276	13
NBC_00123	CP108188	13	13	6	6
NBC_00123	CP108189	61	12	16	10
NBC_00123	CP108190	11	61	3	2
NBC_00125	CP108184	11	11	3	3
NBC_00125	CP108185	12	12	7	6
NBC_00131	CP108334	16	16	125	125
NBC_00131	CP108335	16	16	125	125
NBC_00131	CP108336	129	124	rejected	876
NBC_00133	CP108183	17	18	33	9
NBC_00134	CP108181	rejected	rejected	16	16
NBC_00135	CP108179	11	11	910	9
NBC_00135	CP108180	11	11	3	1342
NBC_00138	CP108177	22	22	37	4
NBC_00144	CP108175	12	12	50	7
NBC_00144	CP108176	13	11	7	rejected
NBC_00145	CP108174	6	5	1	rejected
NBC_00147	CP108172	14	14	6	6
NBC_00147	CP108173	11	11	3	3
NBC_00148	CP108169	rejected	18	3384	1
NBC_00150	CP130716	10	13	rejected	rejected
NBC_00150	CP130717	rejected	12	rejected	3
NBC_00156	CP108164	17	18	6	5
NBC_00158	CP108161	19	16	rejected	4
NBC_00158	CP108162	6	12	386	rejected
NBC_00158	CP108163	rejected	rejected	6	rejected
NBC_00161	CP108156	12	12	rejected	26
NBC_00161	CP108157	13	12	1219	14
NBC_00161	CP108159	12	13	3	8
NBC_00164	CP108153	16	15	4	4
NBC_00164	CP108154	106	108	1302	184
NBC_00165	CP108152	12	12	rejected	rejected
NBC_00168	CP108148	1	1	rejected	rejected
NBC_00169	CP108147	13	13	9	9
NBC_00171	CP108146	12	12	11	246
NBC_00172	CP108145	rejected	rejected	rejected	rejected
NBC_00178	CP108143	11	14	4	rejected
NBC_00178	CP108144	11	12	4	2
NBC_00179	CP108142	rejected	rejected	rejected	rejected
NBC_00180	CP108140	25	25	2	2
NBC_00184	CP108137	102	rejected	63	rejected
NBC_00184	CP108138	120	119	846	1864
NBC_00184	CP108139	118	rejected	1380	rejected
NBC_00185	CP108135	22	22	1	1
NBC_00185	CP108135	22	22	1	1
NBC_00185	CP108135	22	22	1	1
NBC_00185	CP108135	22	22	1	1
NBC_00185	CP108136	22	73	1	4
NBC_00185	CP108136	22	73	1	4
NBC_00185	CP108136	22	73	1	4
NBC_00185	CP108136	22	73	1	4
NBC_00187	CP108333	118	13	rejected	2
NBC_00189	CP108133	16	16	2490	2510
NBC_00190	CP108131	20	14	5	6
NBC_00190	CP108132	20	17	5	4
NBC_00191	CP108130	14	15	6978	2674
NBC_00197	CP108128	rejected	rejected	rejected	rejected
NBC_00200	CP108127	11	11	rejected	rejected
NBC_00203	CP108126	12	12	4	4
NBC_00206	CP108125	11	11	140	140
NBC_00207	CP130715	99	99	2	2
NBC_00208	CP108123	11	11	5	5
NBC_00209	CP108121	12	17	5	rejected
NBC_00209	CP108122	12	12	5	3
NBC_00210	CP108120	13	13	12	12
NBC_00211	CP108118	rejected	rejected	69	1
NBC_00211	CP108119	17	18	2528	2533
NBC_00212	CP108115	12	12	5	6
NBC_00212	CP108116	12	12	5	rejected
NBC_00215	CP108114	12	12	1	1
NBC_00217	CP108113	11	11	3	4
NBC_00220	CP108111	117	117	rejected	rejected
NBC_00221	CP108345	13	13	1318	1344
NBC_00223	CP108109	13	13	32	43
NBC_00224	CP108106	12	12	rejected	rejected
NBC_00224	CP108107	13	12	rejected	rejected
NBC_00224	CP108108	120	14	8374	rejected
NBC_00225	CP108105	rejected	rejected	1	1
NBC_00226	CP108103	12	12	rejected	rejected
NBC_00228	CP108102	rejected	rejected	rejected	rejected
NBC_00236	CP108100	15	15	1858	1860
NBC_00238	CP108344	rejected	12	1	2
NBC_00239	CP108095	89	119	rejected	rejected
NBC_00239	CP108096	14	15	rejected	rejected
NBC_00239	CP108097	86	12	rejected	1
NBC_00247	CP108093	118	rejected	rejected	rejected
NBC_00248	CP108090	11	11	35	35
NBC_00248	CP108091	14	14	8	rejected
NBC_00250	CP108088	21	rejected	2	rejected
NBC_00250	CP108089	21	22	4	1
NBC_00252	CP108087	17	17	rejected	rejected
NBC_00257	CP108082	12	12	16	7
NBC_00257	CP108083	12	11	58	3
NBC_00258	CP108081	21	21	4	4
NBC_00259	CP108080	18	18	50	50
NBC_00261	CP108079	12	12	rejected	rejected
NBC_00267	CP108076	13	13	5	7
NBC_00267	CP108078	119	120	42482	rejected
NBC_00269	CP108075	rejected	rejected	rejected	rejected
NBC_00270	CP108073	11	11	65	63
NBC_00270	CP108074	12	12	2	rejected
NBC_00271	CP108070	rejected	rejected	2	rejected
NBC_00271	CP108071	rejected	68	rejected	25427
NBC_00271	CP108072	rejected	rejected	24278	rejected
NBC_00272	CP108068	11	11	253	245
NBC_00272	CP108069	12	119	7	rejected
NBC_00273	CP108067	11	11	4	4
NBC_00277	CP108065	11	11	12	12
NBC_00277	CP108066	rejected	rejected	6	6
NBC_00278	CP108062	12	12	8	8
NBC_00278	CP108063	12	12	2	4
NBC_00278	CP108064	11	11	8	10
NBC_00280	CP108059	10	rejected	3	rejected
NBC_00280	CP108060	rejected	rejected	rejected	rejected
NBC_00280	CP108061	13	12	14	443
NBC_00283	CP108057	rejected	rejected	rejected	14
NBC_00283	CP108058	12	rejected	499	rejected
NBC_00285	CP108055	12	12	1810	1837
NBC_00286	CP108054	11	11	28	9
NBC_00287	CP108053	rejected	rejected	35	44
NBC_00288	CP108052	120	120	967	916
NBC_00289	CP108046	2	1	2	rejected
NBC_00289	CP108047	14	13	rejected	1
NBC_00289	CP108048	13	14	rejected	33
NBC_00289	CP108049	12	12	1	3363
NBC_00289	CP108050	13	12	4	1
NBC_00289	CP108051	113	104	441	51
NBC_00293	CP108342	11	11	2	2
NBC_00299	CP108039	12	12	64	14
NBC_00299	CP108040	12	12	7	7
NBC_00302	CP108038	12	11	43	2
NBC_00303	CP108036	11	11	1	1
NBC_00304	CP108033	rejected	12	7	4
NBC_00304	CP108034	11	11	1	1
NBC_00304	CP108035	11	11	1	1
NBC_00306	CP108032	12	12	3	2
NBC_00310	CP130714	11	11	3	3
NBC_00311	CP108030	13	13	430	431
NBC_00314	CP108029	11	11	9	37
NBC_00316	CP108023	12	12	2	2
NBC_00316	CP108024	12	11	7	1
NBC_00322	CP108019	12	12	2231	2224
NBC_00324	CP108016	12	12	3	3
NBC_00324	CP108017	12	11	260	3
NBC_00324	CP108018	12	12	1	442
NBC_00328	CP108013	13	13	1	1
NBC_00333	CP108011	22	22	7	7
NBC_00334	CP108008	12	rejected	4	2239
NBC_00334	CP108009	rejected	15	2246	166
NBC_00335	CP108006	rejected	12	rejected	6
NBC_00335	CP108007	rejected	12	193	13
NBC_00337	CP108005	11	11	15	30
NBC_00342	CP107999	11	12	3	3494
NBC_00342	CP108000	11	12	305	317
NBC_00342	CP108001	11	12	1	103
NBC_00343	CP107998	11	11	3	3
NBC_00344	CP107996	12	12	7	2
NBC_00344	CP107997	12	11	6	1
NBC_00349	CP107989	11	11	26	12
NBC_00349	CP107990	11	11	2	4
NBC_00349	CP107991	11	120	3381	19518
NBC_00349	CP107993	115	11	68111	9
NBC_00350	CP107986	11	11	329	349
NBC_00350	CP107987	11	11	9	4
NBC_00353	CP107985	13	12	1	rejected
NBC_00354	CP107983	12	119	804	8095
NBC_00354	CP107984	12	rejected	803	rejected
NBC_00356	CP107981	6	6	1	1
NBC_00357	CP107977	120	120	2810	920
NBC_00357	CP107978	12	12	42	42
NBC_00358	CP107976	18	12	6953	4
NBC_00363	CP107972	12	12	6	6
NBC_00366	CP107971	117	13	2249	26
NBC_00370	CP107968	13	13	4	1548
NBC_00371	CP107967	11	11	2	2
NBC_00375	CP107963	rejected	11	rejected	3
NBC_00376	CP107960	14	112	14	rejected
NBC_00376	CP107961	14	14	14	rejected
NBC_00376	CP107962	13	65	rejected	rejected
NBC_00377	CP107958	12	12	26	2
NBC_00379	CP107957	11	11	1	2
NBC_00381	CP107955	rejected	14	8	8
NBC_00383	CP107952	14	14	4	4
NBC_00386	CP107950	12	12	1	2
NBC_00388	CP107948	16	97	rejected	1950
NBC_00388	CP107949	11	11	3	2
NBC_00390	CP107945	12	12	3139	3157
NBC_00391	CP107944	29	rejected	84	84
NBC_00400	CP107940	11	11	9	12
NBC_00414	CP107935	11	11	9	13
NBC_00415	CP107933	22	22	16	16
NBC_00425	CP107928	11	11	1	1
NBC_00433	CP107926	11	11	rejected	rejected
NBC_00435	CP107924	103	107	rejected	rejected
NBC_00435	CP107925	2	89	5	rejected
NBC_00440	CP107921	12	12	5	22
NBC_00440	CP107922	11	12	5	4
NBC_00441	CP107919	rejected	rejected	519	rejected
NBC_00441	CP107920	67	rejected	2	2
NBC_00442	CP107918	21	21	4397	4399
NBC_00443	CP107917	rejected	91	823	2114
NBC_00444	CP107916	11	11	1	1
NBC_00445	CP107914	12	12	1	1
NBC_00445	CP107915	12	rejected	rejected	rejected
NBC_00448	CP107913	24	rejected	12	80
NBC_00450	CP107911	11	11	3681	5519
NBC_00453	CP107910	13	13	rejected	rejected
NBC_00454	CP107907	118	118	rejected	rejected
NBC_00454	CP107909	120	107	rejected	rejected
NBC_00455	CP109337	rejected	rejected	21	15
NBC_00455	CP109338	12	12	rejected	6
NBC_00456	CP107906	12	12	11	11
NBC_00457	CP107905	12	12	1	1
NBC_00459	CP107903	11	11	36	19
NBC_00461	CP107902	rejected	rejected	12	12
NBC_00464	CP107899	rejected	5	rejected	rejected
NBC_00464	CP107900	11	5	rejected	rejected
NBC_00464	CP107901	12	rejected	2	rejected
NBC_00466	CP107896	115	rejected	20786	rejected
NBC_00466	CP107897	113	112	rejected	1
NBC_00466	CP107898	118	115	3964	20686
NBC_00467	CP107894	12	11	2	2
NBC_00467	CP107895	rejected	12	rejected	2
NBC_00470	CP107889	13	13	1	1
NBC_00470	CP107890	12	rejected	1	rejected
NBC_00470	CP107891	15	rejected	5	1506
NBC_00471	CP107887	14	14	18	18
NBC_00471	CP107888	14	14	rejected	rejected
NBC_00472	CP107885	16	16	60	30
NBC_00475	CP107884	21	21	8	8
NBC_00478	CP108343	12	12	22	3
NBC_00480	CP107883	14	14	9	9
NBC_00483	CP107880	12	12	rejected	46
NBC_00484	CP107879	rejected	rejected	1	1
NBC_00485	CP107878	15	15	4558	7380
NBC_00487	CP107877	11	11	6	6
NBC_00488	CP107871	rejected	12	1	18
NBC_00488	CP107872	30	17	1	rejected
NBC_00488	CP107873	rejected	14	10	393
NBC_00488	CP107875	rejected	20	2	2
NBC_00488	CP107876	15	16	rejected	1433
NBC_00489	CP108330	rejected	rejected	407	396
NBC_00490	CP107869	74	12	2	3
NBC_00490	CP107870	105	74	11	3188
NBC_00493	CP107867	rejected	rejected	3	3
NBC_00493	CP107868	10	rejected	8	7970
NBC_00494	CP107866	11	11	3	3
NBC_00496	CP107865	11	11	2	2
NBC_00497	CP107863	14	14	3	3
NBC_00497	CP107864	16	14	1	7
NBC_00498	CP107862	11	11	1960	1961
NBC_00499	CP107861	12	12	2	2
NBC_00500	CP107860	33	33	3	3
NBC_00501	CP107858	13	12	63	rejected
NBC_00501	CP107859	rejected	16	rejected	1
NBC_00502	CP107857	22	22	5	8
NBC_00503	CP107855	76	rejected	1	rejected
NBC_00503	CP107856	76	49	1	2
NBC_00504	CP108329	13	13	2854	5927
NBC_00510	CP107851	13	13	2	2
NBC_00513	CP107845	11	11	138	138
NBC_00513	CP107846	16	16	6	12
NBC_00513	CP107847	11	12	138	9
NBC_00514	CP107844	11	11	rejected	rejected
NBC_00515	CP107841	11	11	2	2
NBC_00519	CP107839	14	14	rejected	rejected
NBC_00520	CP107838	20	20	rejected	rejected
NBC_00521	CP108326	13	14	535	523
NBC_00522	CP108325	rejected	rejected	66	6
NBC_00523	CP107836	11	12	5	4333
NBC_00523	CP107837	12	11	7	2
NBC_00525	CP107834	134	24	6969	5086
NBC_00525	CP107835	rejected	22	rejected	18
NBC_00535	CP107823	13	12	10	11
NBC_00535	CP107824	13	12	4	5
NBC_00536	CP107819	11	11	1	3
NBC_00536	CP107820	12	54	14	3
NBC_00538	CP107813	15	15	1	1
NBC_00538	CP107814	15	15	8	8
NBC_00538	CP107815	24	24	2	2
NBC_00538	CP107816	rejected	rejected	rejected	2
NBC_00539	CP107811	12	12	4	11
NBC_00539	CP107812	12	12	23	5
NBC_00541	CP107809	12	12	1	1
NBC_00554	CP107799	rejected	40	224	rejected
NBC_00554	CP107800	16	112	901	5569
NBC_00556	CP107798	12	13	2	3
NBC_00557	CP107796	rejected	rejected	4	rejected
NBC_00557	CP107797	rejected	12	4	4
NBC_00558	CP107793	12	12	5	5
NBC_00558	CP107794	12	12	19	5
NBC_00558	CP107795	12	12	rejected	1
NBC_00562	CP107791	11	11	1	1
NBC_00564	CP107786	119	78	rejected	rejected
NBC_00564	CP107787	105	22	rejected	rejected
NBC_00564	CP107788	100	116	12673	rejected
NBC_00564	CP107789	108	119	rejected	rejected
NBC_00564	CP107790	111	112	rejected	rejected
NBC_00566	CP107784	11	11	35	30
NBC_00569	CP107783	13	13	9	9
NBC_00573	CP107782	15	15	8	8
NBC_00576	CP107780	29	29	1	1
NBC_00582	CP107772	12	rejected	1	rejected
NBC_00582	CP107773	14	14	9	3
NBC_00586	CP107768	11	11	10	24
NBC_00587	CP107766	11	12	785	770
NBC_00588	CP107765	rejected	rejected	215	215
NBC_00589	CP107764	12	117	2692	2876
NBC_00590	CP107762	12	118	7	847
NBC_00590	CP107763	14	rejected	1	rejected
NBC_00591	CP107761	rejected	rejected	2232	4
NBC_00594	CP107760	15	15	5	5
NBC_00595	CP108324	14	16	64	4
NBC_00597	CP107758	rejected	20	rejected	24
NBC_00597	CP107759	118	120	19475	26817
NBC_00598	CP107755	12	12	12	3
NBC_00616	CP108323	12	12	1	1
NBC_00618	CP107750	13	13	1	1
NBC_00622	CP107749	11	13	21	6585
NBC_00623	CP107748	13	13	2	2
NBC_00624	CP107746	12	rejected	1	rejected
NBC_00624	CP107747	rejected	11	1137	14
NBC_00625	CP107742	20	20	4	4
NBC_00626	CP107741	13	13	1	1
NBC_00630	CP107735	20	20	6	6
NBC_00630	CP107736	20	20	6	6
NBC_00630	CP107737	35	30	6	72
NBC_00630	CP107738	42	42	3332	820
NBC_00630	CP107739	rejected	rejected	1080	4
NBC_00631	CP107734	14	14	2700	5509
NBC_00632	CP107733	12	12	3	3
NBC_00633	CP107731	13	13	7	7
NBC_00633	CP107732	13	14	9	rejected
NBC_00634	CP107730	11	112	83	3085
NBC_00635	CP130731	14	14	9	9
NBC_00636	CP109050	12	12	15	15
NBC_00637	CP109046	25	25	3	3
NBC_00637	CP109047	24	24	rejected	rejected
NBC_00637	CP109048	64	22	8	1
NBC_00637	CP109049	96	94	3	8
NBC_00641	CP109044	12	12	3267	3268
NBC_00641	CP109045	13	13	21	5
NBC_00642	CP130729	15	15	12	12
NBC_00643	CP130728	13	13	11	11
NBC_00645	CP109041	13	13	727	727
NBC_00647	CP109040	14	14	rejected	rejected
NBC_00648	CP109038	15	rejected	25	rejected
NBC_00648	CP109039	15	15	1708	16
NBC_00649	CP109037	13	13	469	469
NBC_00651	CP109034	17	17	1	1
NBC_00651	CP109035	62	60	rejected	1
NBC_00656	CP109033	11	11	2	2
NBC_00658	CP109032	120	120	rejected	rejected
NBC_00659	CP109031	13	13	rejected	rejected
NBC_00661	CP109030	12	11	31	13
NBC_00663	CP109027	14	14	10	14
NBC_00663	CP109028	16	14	rejected	2
NBC_00664	CP109025	11	rejected	2	rejected
NBC_00664	CP109026	11	120	280	rejected
NBC_00666	CP109024	13	11	22	36
NBC_00667	CP109022	12	11	rejected	rejected
NBC_00667	CP109023	11	12	rejected	rejected
NBC_00668	CP109019	rejected	13	rejected	rejected
NBC_00668	CP109020	rejected	rejected	253	rejected
NBC_00669	CP109018	11	120	11	522
NBC_00670	CP109017	11	116	27	1222
NBC_00683	CP109013	rejected	rejected	10	10
NBC_00685	CP109012	rejected	rejected	1	1
NBC_00686	CP109011	12	12	161	161
NBC_00690	CP109009	11	13	1	rejected
NBC_00690	CP109010	11	12	1	6
NBC_00691	CP109007	20	20	rejected	3
NBC_00691	CP109008	114	61	1401	rejected
NBC_00696	CP109004	15	15	1	1
NBC_00701	CP109003	21	21	26	26
NBC_00704	CP109000	120	13	1057	5
NBC_00704	CP109001	120	12	13644	rejected
NBC_00704	CP109002	119	14	14818	6
NBC_00708	CP108997	13	15	26	1
NBC_00708	CP108998	13	13	rejected	rejected
NBC_00708	CP108999	rejected	rejected	rejected	2
NBC_00710	CP108995	13	13	rejected	rejected
NBC_00711	CP108994	rejected	21	5	5
NBC_00712	CP108993	rejected	rejected	5	5
NBC_00713	CP108992	13	13	32	1
NBC_00715	CP108990	11	11	2	1
NBC_00715	CP108991	11	11	rejected	3
NBC_00722	CP108989	11	11	rejected	rejected
NBC_00723	CP108987	22	22	2	2
NBC_00723	CP108988	21	12	rejected	rejected
NBC_00724	CP108985	12	12	1	1
NBC_00724	CP108986	15	15	11	1
NBC_00726	CP108983	13	13	rejected	8
NBC_00726	CP108984	15	14	936	rejected
NBC_00727	CP108981	16	18	32	1
NBC_00727	CP108982	18	18	32	1
NBC_00728	CP108980	16	12	rejected	rejected
NBC_00731	CP108978	12	12	7	7
NBC_00734	CP108974	16	16	8	225
NBC_00735	CP108971	12	12	3	3
NBC_00775	CP108938	14	14	2	2
NBC_00805	CP108895	11	11	7	43
NBC_00820	CP108882	11	11	3	3
NBC_00822	CP108878	81	15	8819	543
NBC_00822	CP108879	13	14	1930	8
NBC_00825	CP108876	119	14	933	1336
NBC_00825	CP108877	14	14	26	19
NBC_00826	CP108873	14	11	1353	1770
NBC_00826	CP108874	13	13	2	rejected
NBC_00826	CP108875	13	13	1860	1768
NBC_00827	CP108872	27	19	rejected	rejected
NBC_00828	CP130727	rejected	4	rejected	rejected
NBC_00829	CP108867	23	23	12	12
NBC_00829	CP108868	29	117	rejected	rejected
NBC_00829	CP108869	115	30	24484	rejected
NBC_00831	CP108864	15	15	3485	26
NBC_00831	CP108865	rejected	rejected	rejected	rejected
NBC_00832	CP108863	12	12	rejected	rejected
NBC_00835	CP108861	11	11	1651	1659
NBC_00835	CP108862	11	14	1649	rejected
NBC_00836	CP108858	14	14	5	5
NBC_00836	CP108859	103	103	5	5
NBC_00836	CP108860	28	21	rejected	rejected
NBC_00838	CP108857	12	12	55	43
NBC_00839	CP108856	53	53	rejected	rejected
NBC_00842	CP108850	11	11	3	3
NBC_00843	CP108849	23	rejected	37	rejected
NBC_00846	CP108846	rejected	12	rejected	5
NBC_00846	CP108847	12	12	9	32
NBC_00851	CP108840	117	117	1711	rejected
NBC_00851	CP108841	14	124	1533	rejected
NBC_00851	CP108842	119	120	931	12231
NBC_00853	CP108837	rejected	102	rejected	rejected
NBC_00853	CP108838	119	88	rejected	rejected
NBC_00853	CP108839	24	25	4	32
NBC_00856	CP108832	13	13	rejected	rejected
NBC_00857	CP108829	11	11	6507	6504
NBC_00857	CP108830	13	12	17435	2472
NBC_00857	CP108831	11	rejected	1	34377
NBC_00859	CP108826	12	12	9	9
NBC_00865	CP108820	14	11	1	4
NBC_00865	CP108821	11	11	7	7
NBC_00866	CP108818	82	82	9	9
NBC_00866	CP108819	12	rejected	1	42
NBC_00867	CP108817	16	8	rejected	rejected
NBC_00867	CP108817	16	8	rejected	rejected
NBC_00867	CP108817	16	8	rejected	rejected
NBC_00867	CP108817	16	8	rejected	rejected
NBC_00868	CP108814	rejected	rejected	1	rejected
NBC_00868	CP108815	73	20	rejected	3
NBC_00868	CP108816	19	21	5	3
NBC_00869	CP108812	11	11	2	1
NBC_00869	CP108813	13	11	1	6
NBC_00870	CP108810	rejected	rejected	682	950
NBC_00870	CP108811	19	20	3	1
NBC_00871	CP108808	12	12	1701	3034
NBC_00872	CP108806	22	22	2	49
NBC_00872	CP108807	34	25	16456	1039
NBC_00873	CP108803	12	12	6	6
NBC_00876	CP108800	19	14	rejected	42
NBC_00876	CP108801	14	rejected	42	rejected
NBC_00879	CP108799	12	12	9	10
NBC_00882	CP108797	11	11	10	10
NBC_00885	CP108796	12	120	2205	4501
NBC_00886	CP108792	19	19	5	5
NBC_00886	CP108793	146	114	615	692
NBC_00886	CP108795	120	rejected	rejected	rejected
NBC_00887	CP108788	16	16	3	3
NBC_00887	CP108789	12	11	181	6
NBC_00887	CP108790	rejected	11	7	8
NBC_00887	CP108791	120	119	20448	21481
NBC_00890	CP108781	rejected	rejected	12	11
NBC_00890	CP108782	rejected	rejected	6	rejected
NBC_00891	CP108779	11	11	35	32
NBC_00891	CP108780	12	14	3	21
NBC_00899	CP108773	11	11	455	478
NBC_00899	CP108774	116	100	347	124
NBC_00909	CP108768	rejected	19	rejected	rejected
NBC_00909	CP108769	21	13	3	1
NBC_00909	CP108770	12	21	3	3
NBC_00909	CP108771	rejected	rejected	rejected	rejected
NBC_00909	CP108772	12	12	13	5
NBC_00932	CP108765	16	16	26	14
NBC_00963	CP108745	11	11	6	3
NBC_00963	CP108746	12	12	6	7
NBC_00972	CP108743	22	22	5	5
NBC_00974	CP108741	113	113	rejected	rejected
NBC_00975	CP108737	118	19	8105	5
NBC_00975	CP108739	21	23	496	rejected
NBC_00975	CP108740	100	rejected	3405	10326
NBC_00984	CP108734	21	21	6	7
NBC_00984	CP108735	21	21	6	7
NBC_00984	CP108736	21	21	18	18
NBC_00986	CP108733	11	11	3	3
NBC_00987	CP108731	13	13	20	12
NBC_00987	CP108732	13	13	rejected	17
NBC_00988	CP108730	96	24	763	33
NBC_00989	CP108728	11	11	rejected	rejected
NBC_00989	CP108729	29	12	rejected	rejected
NBC_00990	CP108726	9	9	833	834
NBC_00995	CP108724	29	26	rejected	rejected
NBC_00995	CP108725	119	119	896	3089
NBC_00996	CP108723	22	22	5	5
NBC_00998	CP108720	20	108	1	rejected
NBC_00998	CP108721	118	20	952	6
NBC_00998	CP108722	rejected	106	rejected	13017
NBC_00999	CP108718	11	12	6	5
NBC_00999	CP108719	13	13	42	1057
NBC_01001	CP108711	142	104	2526	827
NBC_01001	CP108712	109	93	4520	1813
NBC_01001	CP108713	111	94	784	714
NBC_01001	CP108714	rejected	rejected	rejected	4
NBC_01001	CP108715	119	117	1527	1286
NBC_01001	CP108716	107	10	23	1
NBC_01001	CP108717	113	121	4236	414
NBC_01002	CP108709	21	21	2	3
NBC_01002	CP108710	21	15	2	rejected
NBC_01003	CP108707	9	9	rejected	42
NBC_01003	CP108708	7	6	rejected	1
NBC_01004	CP109059	22	22	rejected	2
NBC_01004	CP109060	21	22	2	rejected
NBC_01005	CP108703	17	17	10	12
NBC_01005	CP108704	17	16	10	5
NBC_01006	CP108700	18	18	2	8
NBC_01006	CP108701	18	18	2	3
NBC_01006	CP108702	12	12	9	11
NBC_01010	CP108692	25	7	rejected	2
NBC_01010	CP108693	24	30	rejected	3
NBC_01010	CP108694	29	30	2	1
NBC_01011	CP108690	97	115	23875	23789
NBC_01011	CP108691	15	119	rejected	13693
NBC_01012	CP108688	12	12	7	1
NBC_01013	CP108687	13	13	6	1
NBC_01014	CP108685	25	25	1	2
NBC_01014	CP108686	21	7	4	1
NBC_01015	CP108684	31	29	24	60
NBC_01017	CP108683	12	12	6	6
NBC_01018	CP108682	52	52	33	2
NBC_01020	CP108681	15	15	1109	1110
NBC_01021	CP108676	25	25	rejected	rejected
NBC_01023	CP108671	rejected	rejected	91	91
NBC_01023	CP108672	20	20	24	24
NBC_01023	CP108673	121	121	265	383
NBC_01069	CP108670	12	12	4	11
NBC_01077	CP108669	84	84	2	2
NBC_01078	CP108664	11	12	11	5
NBC_01078	CP108665	20	11	rejected	6
NBC_01078	CP108666	8	8	rejected	rejected
NBC_01078	CP108667	12	11	3	5
NBC_01078	CP108668	13	12	4	92
NBC_01080	CP108661	12	12	11	1
NBC_01080	CP108662	13	12	1	rejected
NBC_01089	CP108660	11	11	2	2
NBC_01092	CP108659	13	13	3	3
NBC_01102	CP108654	14	14	1	1
NBC_01102	CP108655	12	12	1	16
NBC_01102	CP108657	13	13	3888	16
NBC_01103	CP108653	6	6	22	38
NBC_01104	CP108652	116	110	rejected	rejected
NBC_01106	CP108651	11	16	rejected	rejected
NBC_01108	CP108649	120	120	rejected	rejected
NBC_01110	CP108647	rejected	24	2	2
NBC_01116	CP108644	121	119	17934	1886
NBC_01116	CP108645	121	24	13810	2
NBC_01124	CP108643	21	21	7	7
NBC_01127	CP108642	rejected	rejected	rejected	rejected
NBC_01134	CP108640	11	11	3	4
NBC_01134	CP108641	10	rejected	rejected	16
NBC_01135	CP108638	15	rejected	55	32
NBC_01135	CP108639	23	28	2	rejected
NBC_01136	CP108632	rejected	rejected	rejected	rejected
NBC_01136	CP108633	12	12	2368	2368
NBC_01136	CP108634	13	18	4	1351
NBC_01136	CP108635	11	11	3	1
NBC_01137	CP108627	rejected	rejected	214	2
NBC_01137	CP108628	22	22	rejected	16
NBC_01137	CP108630	15	12	3	222
NBC_01139	CP108625	rejected	rejected	rejected	rejected
NBC_01147	CP108621	22	22	3	3
NBC_01147	CP108623	19	rejected	2	rejected
NBC_01157	CP108616	13	13	6	6
NBC_01157	CP108617	14	15	5	4
NBC_01157	CP108618	13	12	rejected	rejected
NBC_01157	CP108619	13	12	rejected	4
NBC_01157	CP108620	3	rejected	234	2
NBC_01166	CP108613	111	111	11	7
NBC_01166	CP108614	12	12	13	13
NBC_01167	CP108612	rejected	12	21233	6
NBC_01168	CP108611	11	11	3	3
NBC_01170	CP108610	12	14	rejected	14
NBC_01171	CP108609	11	11	3	3
NBC_01174	CP108605	11	11	25	25
NBC_01174	CP108606	rejected	rejected	rejected	rejected
NBC_01174	CP108608	rejected	rejected	2	2
NBC_01175	CP108602	12	12	11	27
NBC_01176	CP108600	13	13	12	12
NBC_01176	CP108601	12	26	144	128
NBC_01177	CP108595	119	120	7358	6629
NBC_01177	CP108598	119	144	7520	5802
NBC_01177	CP108599	119	120	6848	rejected
NBC_01178	CP108592	13	13	1	1
NBC_01178	CP108593	rejected	13	rejected	14
NBC_01178	CP108594	11	rejected	25	rejected
NBC_01180	CP108591	14	113	13	6448
NBC_01183	CP108589	7	7	8	3
NBC_01184	CP108588	12	12	49	25
NBC_01185	CP108587	13	13	4	4
NBC_01186	CP108585	rejected	rejected	2	23
NBC_01186	CP108586	14	13	rejected	3
NBC_01187	CP108582	rejected	13	23	23
NBC_01187	CP108583	12	12	3	2
NBC_01190	CP108580	116	15	401	2062
NBC_01191	CP108577	13	13	10963	10963
NBC_01191	CP108578	111	15	rejected	10957
NBC_01191	CP108579	68	113	rejected	2
NBC_01194	CP108575	12	12	5	5
NBC_01194	CP108576	13	13	1990	1990
NBC_01195	CP108573	15	15	rejected	rejected
NBC_01196	CP108571	13	12	1	rejected
NBC_01197	CP108569	rejected	rejected	rejected	rejected
NBC_01198	CP108568	12	12	6	21
NBC_01201	CP108565	12	120	13	3602
NBC_01201	CP108566	11	7	rejected	2
NBC_01205	CP108558	15	12	rejected	rejected
NBC_01205	CP108560	119	16	19770	rejected
NBC_01207	CP108554	65	65	1926	1926
NBC_01207	CP108555	rejected	14	rejected	2
NBC_01208	CP108551	103	rejected	1519	2230
NBC_01208	CP108553	120	rejected	rejected	rejected
NBC_01210	CP108549	13	13	15	15
NBC_01210	CP108550	14	13	69	2
NBC_01211	CP108546	12	11	2	9
NBC_01211	CP108547	11	12	4	3
NBC_01211	CP108548	12	11	4	1430
NBC_01212	CP108545	rejected	rejected	rejected	rejected
NBC_01213	CP108541	4	rejected	13	13
NBC_01213	CP108543	13	14	877	874
NBC_01213	CP108544	rejected	67	1566	416
NBC_01215	CP108540	11	11	4	3
NBC_01216	CP108677	12	11	28	2
NBC_01216	CP108678	13	12	rejected	rejected
NBC_01216	CP108679	11	rejected	11	13
NBC_01216	CP108680	11	11	7	7
NBC_01217	CP108538	11	11	7	7
NBC_01217	CP108539	rejected	13	5	rejected
NBC_01218	CP108536	12	12	7	7
NBC_01218	CP108537	14	14	964	966
NBC_01220	CP108531	120	12	4909	1
NBC_01220	CP108532	13	12	429	1
NBC_01220	CP108534	138	113	1760	2119
NBC_01224	CP108529	98	98	2	2
NBC_01224	CP108530	98	98	2	2
NBC_01228	CP108524	11	11	2	2
NBC_01228	CP108525	13	13	2	rejected
NBC_01228	CP108526	13	15	15	1
NBC_01230	CP108522	12	12	47	5
NBC_01230	CP108523	12	11	29	29
NBC_01231	CP108521	rejected	81	7458	52
NBC_01232	CP108518	13	13	93	93
NBC_01232	CP108519	rejected	117	rejected	996
NBC_01232	CP108520	14	12	93	rejected
NBC_01233	CP108514	11	11	7	5
NBC_01233	CP108515	rejected	11	rejected	1
NBC_01233	CP108517	117	83	17020	19671
NBC_01235	CP108513	13	13	1	21
NBC_01236	CP108512	17	24	73	673
NBC_01238	CP130722	13	13	8	7
NBC_01238	CP130723	11	13	rejected	rejected
NBC_01240	CP108497	14	14	5	5
NBC_01240	CP108499	12	11	1	rejected
NBC_01241	CP108494	1	49	rejected	rejected
NBC_01241	CP108495	120	115	46108	1
NBC_01243	CP108491	14	rejected	6855	rejected
NBC_01243	CP108492	13	14	5529	507
NBC_01243	CP108493	12	12	1887	4
NBC_01244	CP108488	14	11	rejected	rejected
NBC_01244	CP108489	rejected	72	rejected	1
NBC_01248	CP108477	12	12	13848	13849
NBC_01248	CP108478	120	12	12837	1535
NBC_01248	CP108479	103	129	rejected	241
NBC_01248	CP108480	111	102	rejected	41
NBC_01248	CP108481	118	118	rejected	rejected
NBC_01255	CP108474	11	rejected	rejected	5465
NBC_01255	CP108475	11	11	5	4
NBC_01256	CP108473	12	12	29	2
NBC_01259	CP108467	21	12	6	rejected
NBC_01259	CP108468	12	rejected	rejected	rejected
NBC_01259	CP108471	rejected	12	rejected	609
NBC_01260	CP108464	12	12	7	7
NBC_01260	CP108465	12	12	86	rejected
NBC_01260	CP108466	13	16	40	357
NBC_01261	CP108463	14	14	3	2
NBC_01262	CP108462	11	11	8147	8147
NBC_01267	CP108455	12	12	rejected	2
NBC_01267	CP108456	11	12	5	440
NBC_01267	CP108457	13	11	46	4
NBC_01268	CP108454	6	6	2008	903
NBC_01269	CP108452	14	14	14	2
NBC_01269	CP108452	14	14	14	2
NBC_01269	CP108452	14	14	14	2
NBC_01269	CP108452	14	14	14	2
NBC_01269	CP108453	11	12	rejected	3
NBC_01269	CP108453	11	12	rejected	3
NBC_01269	CP108453	11	12	rejected	3
NBC_01269	CP108453	11	12	rejected	3
NBC_01270	CP108451	16	14	15	rejected
NBC_01271	CP108450	15	15	9	rejected
NBC_01274	CP108447	16	16	14	25
NBC_01276	CP108442	rejected	14	rejected	3
NBC_01276	CP108443	15	19	rejected	rejected
NBC_01276	CP108444	rejected	38	6	6
NBC_01276	CP108445	14	13	12	658
NBC_01276	CP108446	11	11	4	649
NBC_01278	CP108439	11	rejected	54	50
NBC_01278	CP108440	rejected	rejected	50	47
NBC_01280	CP108438	rejected	10	rejected	rejected
NBC_01281	CP108435	13	13	10	10
NBC_01281	CP108436	12	12	18	18
NBC_01281	CP108437	rejected	rejected	22	rejected
NBC_01283	CP108430	15	15	rejected	rejected
NBC_01283	CP108431	38	74	rejected	rejected
NBC_01283	CP108432	110	117	rejected	rejected
NBC_01283	CP108433	114	106	rejected	rejected
NBC_01283	CP108434	108	111	rejected	rejected
NBC_01288	CP108427	12	12	87	99
NBC_01295	CP108422	17	17	3801	3785
NBC_01295	CP108422	17	17	3801	3785
NBC_01295	CP108422	17	17	3801	3785
NBC_01295	CP108422	17	17	3801	3785
NBC_01296	CP130720	16	16	1	1
NBC_01296	CP130721	rejected	16	rejected	1
NBC_01297	CP108419	11	11	8	8
NBC_01298	CP108414	rejected	62	rejected	1
NBC_01298	CP108416	18	18	2	rejected
NBC_01298	CP108417	12	100	1267	rejected
NBC_01299	CP108413	11	11	3	3
NBC_01304	CP109055	22	22	7	7
NBC_01304	CP109056	13	13	rejected	rejected
NBC_01304	CP109057	12	12	rejected	782
NBC_01310	CP108396	rejected	rejected	97	11
NBC_01310	CP108399	11	11	312	2
NBC_01317	CP108393	13	13	2	2
NBC_01318	CP108392	12	12	2	2
NBC_01320	CP108390	18	14	1	4
NBC_01320	CP108391	100	16	rejected	rejected
NBC_01321	CP108388	119	13	5368	rejected
NBC_01324	CP108385	104	116	rejected	rejected
NBC_01324	CP108386	13	12	rejected	rejected
NBC_01324	CP108387	119	113	rejected	rejected
NBC_01325	CP109051	11	96	rejected	8357
NBC_01325	CP109052	11	12	7	1
NBC_01328	CP108382	13	14	2	9
NBC_01331	CP108379	14	14	2	17
NBC_01331	CP108380	13	12	11	4
NBC_01332	CP108378	rejected	rejected	rejected	rejected
NBC_01333	CP108376	14	13	16	16
NBC_01334	CP130718	12	12	4	4
NBC_01334	CP130719	13	14	rejected	2
NBC_01335	CP108370	119	15	802	5583
NBC_01335	CP108371	rejected	11	rejected	rejected
NBC_01335	CP108373	13	13	33	662
NBC_01336	CP108369	rejected	rejected	rejected	rejected
NBC_01337	CP108368	14	14	2066	2060
NBC_01338	CP108367	11	11	1	1
NBC_01340	CP108365	11	11	2	2
NBC_01340	CP108366	rejected	12	44	1
NBC_01341	CP108364	19	25	1276	1268
NBC_01343	CP108362	12	12	65	16
NBC_01343	CP108363	rejected	12	10	61
NBC_01344	CP108361	16	16	11	9
NBC_01344	CP108361	16	16	11	9
NBC_01344	CP108361	16	16	11	9
NBC_01344	CP108361	16	16	11	9
NBC_01346	CP108360	11	11	11	2
NBC_01347	CP108359	9	rejected	rejected	rejected
NBC_01347	CP108359	9	rejected	rejected	rejected
NBC_01347	CP108359	9	rejected	rejected	rejected
NBC_01347	CP108359	9	rejected	rejected	rejected
NBC_01351	CP108356	14	14	7	7
NBC_01351	CP108357	13	13	5	5
NBC_01351	CP108358	rejected	rejected	4	rejected
NBC_01352	CP108354	12	12	1958	1959
NBC_01353	CP108352	rejected	rejected	15	4
NBC_01355	CP108351	150	7	968	701
NBC_01355	CP108351	150	7	968	701
NBC_01355	CP108351	150	7	968	701
NBC_01355	CP108351	150	7	968	701
NBC_01356	CP108350	rejected	rejected	rejected	rejected
NBC_01358	CP108349	rejected	100	3887	2514
NBC_01359	CP108347	12	12	3	3
NBC_01359	CP108348	11	11	rejected	1
NBC_01360	CP108346	13	13	rejected	rejected
NBC_01361	CP109589	3	4	13	rejected
NBC_01361	CP109590	3	4	13	1
NBC_01361	CP109591	14	13	9	9
NBC_01362	CP109586	12	12	81	83
NBC_01362	CP109587	12	12	80	77
NBC_01362	CP109588	13	14	2948	2921
NBC_01365	CP109583	11	11	49	3
NBC_01365	CP109584	rejected	11	23	3
NBC_01366	CP109581	13	13	1	1
NBC_01366	CP109582	72	46	rejected	rejected
NBC_01367	CP109580	4	4	rejected	rejected
NBC_01369	CP109575	rejected	rejected	rejected	rejected
NBC_01369	CP109576	12	13	20	5
NBC_01369	CP109577	rejected	rejected	rejected	rejected
NBC_01369	CP109578	116	118	85903	85626
NBC_01370	CP109574	11	12	4	2
NBC_01372	CP109571	12	12	256	253
NBC_01372	CP109572	13	146	rejected	rejected
NBC_01372	CP109573	119	14	12314	3
NBC_01374	CP109570	14	14	9	5
NBC_01378	CP109565	12	12	rejected	rejected
NBC_01383	CP109561	16	12	1067	1056
NBC_01383	CP109562	14	12	rejected	578
NBC_01384	CP109559	14	11	1	rejected
NBC_01384	CP109560	13	13	rejected	rejected
NBC_01386	CP109558	15	15	6	6
NBC_01387	CP109556	rejected	11	3	4
NBC_01387	CP109557	rejected	11	rejected	2
NBC_01390	CP109551	136	27	7415	3712
NBC_01391	CP109550	13	13	25	6
NBC_01393	CP109546	14	14	rejected	rejected
NBC_01396	CP109545	14	14	6	6
NBC_01401	CP109535	12	12	1	1
NBC_01409	CP109531	14	13	1275	1279
NBC_01410	CP109530	rejected	rejected	rejected	rejected
NBC_01411	CP109529	13	13	29	336
NBC_01414	CP109522	12	12	1	rejected
NBC_01414	CP109523	12	14	rejected	rejected
NBC_01417	CP109518	12	11	25	4
NBC_01417	CP109519	12	11	89	4
NBC_01418	CP109517	13	13	1952	1978
NBC_01419	CP109515	10	1	5624	36
NBC_01420	CP109513	12	11	1371	1353
NBC_01420	CP109514	rejected	11	11	6
NBC_01421	CP109511	13	11	19	rejected
NBC_01421	CP109512	12	120	3	5454
NBC_01422	CP109508	13	13	80	51
NBC_01422	CP109509	rejected	12	rejected	rejected
NBC_01423	CP109506	12	12	1533	1523
NBC_01423	CP109507	11	12	4	3
NBC_01426	CP109500	13	13	11	11
NBC_01426	CP109501	12	14	864	10
NBC_01426	CP109502	13	13	1	1
NBC_01426	CP109503	12	12	862	1
NBC_01426	CP109504	13	119	rejected	24898
NBC_01426	CP109505	12	17	1	rejected
NBC_01428	CP109499	13	13	9	9
NBC_01429	CP109599	11	11	2	3
NBC_01431	CP109496	11	12	8	7
NBC_01431	CP109497	12	15	3	7
NBC_01432	CP109495	15	rejected	5	rejected
NBC_01435	CP109492	14	14	14	rejected
NBC_01435	CP109493	14	14	14	rejected
NBC_01436	CP109491	5	5	1	1
NBC_01437	CP109490	rejected	1	rejected	rejected
NBC_01438	CP109489	120	rejected	19690	rejected
NBC_01439	CP109487	12	109	978	2610
NBC_01447	CP109483	12	12	1	1026
NBC_01450	CP109480	12	20	rejected	103
NBC_01450	CP109481	12	14	rejected	rejected
NBC_01450	CP109482	116	116	rejected	4369
NBC_01451	CP109479	12	12	3	3
NBC_01453	CP109478	119	13	5379	rejected
NBC_01454	CP109460	12	12	101	103
NBC_01454	CP109462	14	14	286	279
NBC_01454	CP109463	14	28	426	rejected
NBC_01455	CP109475	13	13	rejected	rejected
NBC_01455	CP109476	12	rejected	1	rejected
NBC_01455	CP109477	13	13	5165	1
NBC_01456	CP109455	11	12	487	478
NBC_01456	CP109456	14	14	1482	1463
NBC_01456	CP109457	18	13	rejected	rejected
NBC_01460	CP109473	15	15	10	7
NBC_01462	CP109470	16	18	rejected	rejected
NBC_01462	CP109471	13	13	rejected	rejected
NBC_01463	CP109468	13	13	221	172
NBC_01463	CP109469	11	rejected	1437	rejected
NBC_01465	CP109467	14	14	rejected	rejected
NBC_01471	CP109450	12	12	1	3
NBC_01471	CP109451	12	12	rejected	1
NBC_01471	CP109452	12	12	10	523
NBC_01475	CP109447	14	14	rejected	rejected
NBC_01476	CP109446	118	12	1713	rejected
NBC_01477	CP109445	12	12	7	7
NBC_01478	CP109444	rejected	rejected	33	33
NBC_01483	CP109438	12	12	2	2
NBC_01483	CP109439	15	rejected	rejected	rejected
NBC_01485	CP109435	13	13	rejected	rejected
NBC_01485	CP109436	13	13	8	322
NBC_01496	CP109429	rejected	rejected	rejected	rejected
NBC_01497	CP109427	11	11	9	9
NBC_01497	CP109428	11	11	9	9
NBC_01498	CP109598	15	14	4	rejected
NBC_01506	CP109422	rejected	rejected	rejected	rejected
NBC_01506	CP109424	87	100	rejected	16
NBC_01507	CP109421	12	12	6	rejected
NBC_01508	CP109419	rejected	rejected	10	9
NBC_01508	CP109420	13	14	1183	rejected
NBC_01511	CP109417	rejected	14	34	2
NBC_01515	CP109416	11	11	5	54
NBC_01516	CP109413	13	11	rejected	rejected
NBC_01516	CP109414	12	12	rejected	rejected
NBC_01516	CP109415	12	11	4	rejected
NBC_01518	CP130730	14	14	2	2
NBC_01520	CP109404	rejected	rejected	rejected	rejected
NBC_01520	CP109405	12	11	27	2
NBC_01520	CP109406	rejected	rejected	rejected	rejected
NBC_01522	CP109403	13	13	rejected	rejected
NBC_01523	CP109400	12	12	5	10
NBC_01523	CP109402	13	16	163	720
NBC_01525	CP109397	15	15	767	1883
NBC_01525	CP109398	12	11	1	18
NBC_01525	CP109399	12	12	12	2
NBC_01527	CP109395	11	11	4097	4097
NBC_01527	CP109396	11	11	rejected	1
NBC_01530	CP109394	rejected	rejected	rejected	rejected
NBC_01536	CP109393	12	11	4	5
NBC_01537	CP109392	12	12	rejected	rejected
NBC_01538	CP109391	6	6	2	2
NBC_01542	CP109389	12	12	27	2
NBC_01543	CP109387	16	16	5	3
NBC_01543	CP109388	16	rejected	5	rejected
NBC_01544	CP109384	12	11	10	3
NBC_01544	CP109385	14	14	11	11
NBC_01545	CP109381	rejected	13	1564	rejected
NBC_01545	CP109382	14	14	2238	2240
NBC_01546	CP109379	9	rejected	rejected	rejected
NBC_01546	CP109380	10	rejected	rejected	rejected
NBC_01547	CP109377	rejected	rejected	2	2
NBC_01547	CP109378	rejected	rejected	1546	rejected
NBC_01550	CP109376	12	119	1	3336
NBC_01552	CP109375	rejected	rejected	6	1
NBC_01552	CP109375	rejected	rejected	6	1
NBC_01552	CP109375	rejected	rejected	6	1
NBC_01552	CP109375	rejected	rejected	6	1
NBC_01553	CP109370	rejected	115	rejected	rejected
NBC_01553	CP109371	12	14	6	rejected
NBC_01553	CP109372	16	23	rejected	225
NBC_01553	CP109373	105	95	827	rejected
NBC_01556	CP109368	12	12	2	2
NBC_01562	CP109356	11	11	7	7
NBC_01562	CP109357	112	13	3227	5
NBC_01562	CP109358	rejected	120	rejected	rejected
NBC_01562	CP109359	11	1	1	1
NBC_01562	CP109360	1	1	7	3
NBC_01562	CP109361	118	111	rejected	284
NBC_01562	CP109362	114	rejected	7495	rejected
NBC_01562	CP109363	118	rejected	10591	rejected
NBC_01563	CP109354	14	15	4254	1629
NBC_01563	CP109355	10	15	rejected	rejected
NBC_01564	CP109352	rejected	rejected	27	29
NBC_01564	CP109352	rejected	rejected	27	29
NBC_01564	CP109352	rejected	rejected	27	29
NBC_01564	CP109352	rejected	rejected	27	29
NBC_01568	CP109349	13	13	rejected	rejected
NBC_01568	CP109350	33	29	2	5
NBC_01576	CP109347	13	13	6	10
NBC_01576	CP109348	16	18	rejected	rejected
NBC_01578	CP109346	17	17	rejected	rejected
NBC_01579	CP109344	15	15	rejected	rejected
NBC_01579	CP109345	12	14	2	rejected
NBC_01581	CP109343	12	12	8	7
NBC_01582	CP109341	15	13	4	rejected
NBC_01582	CP109342	17	15	rejected	9
NBC_01584	CP109339	118	17	1910	88
NBC_01586	CP109334	16	16	72	754
NBC_01589	CP109333	12	12	rejected	rejected
NBC_01590	CP109330	12	rejected	rejected	rejected
NBC_01590	CP109331	115	14	rejected	1
NBC_01592	CP109323	14	14	55	34
NBC_01592	CP109324	16	115	4249	37621
NBC_01592	CP109325	119	14	48148	rejected
NBC_01592	CP109326	12	13	rejected	1195
NBC_01594	CP109322	14	14	rejected	rejected
NBC_01595	CP109320	11	11	2	1
NBC_01595	CP109321	118	rejected	rejected	rejected
NBC_01597	CP109319	rejected	rejected	rejected	rejected
NBC_01598	CP109317	12	12	1	1
NBC_01598	CP109318	12	12	1	1
NBC_01601	CP109314	12	11	2	2
NBC_01601	CP109315	13	13	1	30
NBC_01602	CP109313	13	13	rejected	rejected
NBC_01604	CP109312	17	17	5	5
NBC_01606	CP109309	11	11	10	24
NBC_01606	CP109310	12	12	56	rejected
NBC_01606	CP109311	12	12	25	466
NBC_01607	CP109308	14	rejected	rejected	1
NBC_01612	CP109304	13	13	1	1
NBC_01613	CP109303	12	12	rejected	rejected
NBC_01614	CP109302	13	13	1	1
NBC_01615	CP109301	13	13	1	rejected
NBC_01617	CP109298	rejected	rejected	1	1
NBC_01618	CP109297	13	13	3	3
NBC_01620	CP109296	12	11	75	3
NBC_01621	CP109294	rejected	12	9	rejected
NBC_01621	CP109295	rejected	11	rejected	3
NBC_01622	CP109293	rejected	120	11	4121
NBC_01624	CP109290	rejected	rejected	770	775
NBC_01624	CP109291	91	92	824	1
NBC_01625	CP109287	14	14	36	37
NBC_01626	CP109283	12	12	78	14
NBC_01626	CP109284	14	13	rejected	3
NBC_01627	CP109281	rejected	rejected	3	11
NBC_01627	CP109282	12	rejected	2	rejected
NBC_01629	CP109280	120	120	5239	807
NBC_01630	CP109279	4	6	2	1
NBC_01635	CP109277	13	13	2	2
NBC_01635	CP109278	119	117	13532	10047
NBC_01636	CP109275	11	11	27	13
NBC_01636	CP109276	rejected	120	rejected	32691
NBC_01637	CP109274	12	12	rejected	rejected
NBC_01640	CP109270	11	11	rejected	rejected
NBC_01640	CP109271	9	11	rejected	rejected
NBC_01641	CP109268	14	14	10	3
NBC_01641	CP109269	rejected	11	rejected	11
NBC_01643	CP109266	15	15	7	7
NBC_01643	CP109267	12	12	7	7
NBC_01646	CP109264	13	13	117	117
NBC_01648	CP109262	12	14	34	4
NBC_01648	CP109263	14	14	10	3
NBC_01650	CP109258	13	13	3	14
NBC_01650	CP109259	14	14	12	2409
NBC_01650	CP109260	11	11	1	rejected
NBC_01650	CP109261	12	13	6	485
NBC_01651	CP109256	176	176	4	4
NBC_01651	CP109257	16	176	rejected	5
NBC_01652	CP109255	12	12	5	6
NBC_01653	CP109254	11	11	rejected	rejected
NBC_01654	CP109252	12	12	5	4
NBC_01654	CP109253	12	12	4	99
NBC_01657	CP109249	11	11	42	42
NBC_01657	CP109250	11	11	42	42
NBC_01658	CP109245	rejected	rejected	1	2
NBC_01658	CP109246	rejected	12	1	10
NBC_01658	CP109248	12	12	2	10
NBC_01661	CP109243	13	13	1308	28
NBC_01661	CP109244	12	12	8	1378
NBC_01662	CP109242	120	14	2102	3383
NBC_01664	CP109238	18	16	47	13
NBC_01664	CP109239	13	14	455	6
NBC_01665	CP109235	13	13	15	2
NBC_01665	CP109237	12	12	6	3
NBC_01666	CP109234	12	12	4	4
NBC_01667	CP109233	rejected	rejected	2	2
NBC_01668	CP109228	12	12	802	38
NBC_01668	CP109229	121	131	rejected	26170
NBC_01668	CP109230	118	rejected	11246	rejected
NBC_01668	CP109231	13	117	rejected	25127
NBC_01668	CP109232	120	114	26529	29998
NBC_01671	CP109226	11	11	10	7
NBC_01671	CP109227	11	11	1	7
NBC_01673	CP109224	15	15	14	8
NBC_01675	CP109594	16	15	1	3
NBC_01675	CP109595	28	14	rejected	11
NBC_01676	CP109222	12	13	rejected	rejected
NBC_01676	CP109223	12	12	rejected	rejected
NBC_01677	CP109220	12	12	24	24
NBC_01677	CP109221	12	12	24	rejected
NBC_01678	CP109453	11	11	403	403
NBC_01678	CP109454	11	11	403	403
NBC_01679	CP109215	rejected	rejected	rejected	rejected
NBC_01679	CP109216	rejected	119	rejected	rejected
NBC_01679	CP109218	13	15	3	280
NBC_01679	CP109219	15	12	57	280
NBC_01680	CP109212	rejected	rejected	1	1
NBC_01683	CP109211	14	14	38	99
NBC_01684	CP109210	14	12	6	2
NBC_01685	CP109209	rejected	13	rejected	rejected
NBC_01686	CP109207	11	11	4	4
NBC_01686	CP109208	14	14	52	14
NBC_01687	CP109205	13	13	3	6
NBC_01687	CP109206	13	13	6	3
NBC_01689	CP109592	13	13	rejected	rejected
NBC_01692	CP109203	14	13	20	27
NBC_01692	CP109204	15	17	rejected	6
NBC_01693	CP109202	14	14	3646	3662
NBC_01694	CP109201	21	20	rejected	1
NBC_01696	CP109200	91	91	61	99
NBC_01701	CP109197	13	13	rejected	1
NBC_01701	CP109198	13	13	rejected	1
NBC_01703	CP109194	13	13	1792	1792
NBC_01703	CP109195	13	13	1792	1792
NBC_01706	CP109193	13	13	74	76
NBC_01707	CP109190	23	15	14	1464
NBC_01707	CP109191	15	14	9224	9278
NBC_01707	CP109192	119	13	18147	rejected
NBC_01708	CP109188	11	120	1517	5006
NBC_01708	CP109189	11	11	1487	5
NBC_01711	CP109184	13	13	rejected	rejected
NBC_01711	CP109185	13	13	rejected	rejected
NBC_01714	CP109183	12	12	4	4
NBC_01715	CP109182	15	15	9	9
NBC_01716	CP109181	rejected	12	3	3
NBC_01717	CP109178	12	12	8551	8537
NBC_01717	CP109179	12	11	382	43
NBC_01718	CP109174	22	120	2280	112
NBC_01718	CP109175	98	108	rejected	rejected
NBC_01718	CP109176	106	109	rejected	rejected
NBC_01718	CP109177	121	103	rejected	rejected
NBC_01722	CP109173	14	rejected	1	rejected
NBC_01723	CP109171	11	11	2	2
NBC_01724	CP109169	11	11	2	2
NBC_01724	CP109170	13	13	46	28
NBC_01725	CP109167	rejected	13	44	48
NBC_01725	CP109168	15	rejected	2	807
NBC_01727	CP109163	14	14	25	8
NBC_01727	CP109164	120	120	28048	16002
NBC_01727	CP109165	118	94	18823	16940
NBC_01732	CP109157	13	13	13	13
NBC_01732	CP109158	11	11	18	14
NBC_01732	CP109160	13	13	9866	11
NBC_01732	CP109161	115	14	44335	1
NBC_01735	CP109154	14	14	rejected	rejected
NBC_01735	CP109155	11	rejected	3	4
NBC_01744	CP109148	rejected	rejected	rejected	rejected
NBC_01745	CP109146	12	12	2	14
NBC_01745	CP109147	12	12	5	14
NBC_01746	CP109144	12	rejected	rejected	rejected
NBC_01746	CP109145	17	17	3861	3862
NBC_01747	CP109142	14	11	rejected	3
NBC_01747	CP109143	11	rejected	17	rejected
NBC_01749	CP109140	rejected	rejected	4	6
NBC_01750	CP109137	11	14	13	9
NBC_01751	CP109136	12	12	2	2
NBC_01752	CP109135	rejected	rejected	rejected	rejected
NBC_01754	CP109132	11	11	3	3
NBC_01754	CP109133	27	128	rejected	6
NBC_01758	CP109127	11	113	100	12048
NBC_01759	CP109125	96	98	rejected	rejected
NBC_01759	CP109126	rejected	95	rejected	rejected
NBC_01760	CP109124	12	13	108	4463
NBC_01761	CP109123	rejected	rejected	6	6
NBC_01762	CP109122	rejected	rejected	1	1
NBC_01763	CP109121	rejected	rejected	rejected	rejected
NBC_01766	CP109118	12	12	rejected	25
NBC_01766	CP109119	15	12	2	rejected
NBC_01766	CP109120	rejected	12	rejected	198
NBC_01768	CP109115	14	14	3119	7
NBC_01768	CP109116	14	13	3121	1
NBC_01768	CP109117	13	12	2	3
NBC_01769	CP109114	12	12	3	3
NBC_01770	CP109112	11	11	3	4
NBC_01770	CP109113	12	11	2	5
NBC_01771	CP109109	12	11	1	10
NBC_01771	CP109110	11	11	10	10
NBC_01771	CP109111	13	13	8	985
NBC_01772	CP109108	13	13	3	3
NBC_01774	CP109106	11	11	91	10
NBC_01775	CP109104	rejected	rejected	52	48
NBC_01775	CP109105	rejected	12	51	rejected
NBC_01777	CP109102	12	12	4	4
NBC_01778	CP109097	11	11	29	7
NBC_01778	CP109098	11	89	1	7966
NBC_01778	CP109099	120	108	21823	30895
NBC_01778	CP109100	120	48	33009	26186
NBC_01778	CP109101	115	123	42576	rejected
NBC_01779	CP109095	12	11	3	1
NBC_01780	CP109094	rejected	116	rejected	rejected
NBC_01786	CP109091	rejected	11	rejected	8
NBC_01786	CP109092	12	12	2	1
NBC_01786	CP109093	11	11	3	8
NBC_01788	CP109090	rejected	rejected	53	44
NBC_01790	CP109088	rejected	rejected	rejected	rejected
NBC_01790	CP109089	120	159	70	rejected
NBC_01791	CP109085	13	rejected	rejected	rejected
NBC_01791	CP109086	rejected	rejected	1	rejected
NBC_01792	CP109083	12	12	6	8
NBC_01794	CP109081	13	13	rejected	1
NBC_01795	CP109079	rejected	rejected	45	21
NBC_01795	CP109080	16	14	546	rejected
NBC_01798	CP109077	12	12	13	5
NBC_01799	CP109076	rejected	rejected	rejected	rejected
NBC_01800	CP109075	13	13	65	65
NBC_01803	CP109073	rejected	rejected	9	13
NBC_01808	CP109072	rejected	rejected	2	3
NBC_00039	CP108289	120	116	11	rejected
NBC_00039	CP108290	91	17	rejected	11
NBC_00061	CP108252	93	12	378	3
NBC_00070	CP108247	114	17	rejected	rejected
NBC_00070	CP108248	12	rejected	1230	1224
NBC_00085	CP108229	138	29	3087	14
NBC_00106	CP108208	rejected	rejected	1851	1851
NBC_00106	CP108209	rejected	14	rejected	rejected
NBC_00106	CP108210	rejected	rejected	1823	1510
NBC_00222	CP108110	12	12	30	27
NBC_00315	CP108025	11	11	2116	2083
NBC_00315	CP108026	12	12	rejected	3
NBC_00374	CP107964	rejected	rejected	16	13
NBC_00374	CP107965	14	rejected	8	rejected
NBC_00374	CP107966	120	rejected	682	3277
NBC_00458	CP107904	109	117	rejected	3531
NBC_00845	CP109061	11	120	1	6139
NBC_01202	CP108562	106	118	6395	258
NBC_01202	CP108563	21	14	45	3
NBC_01202	CP108564	rejected	13	rejected	3
NBC_01203	CP108561	18	18	1642	3731
NBC_01246	CP108484	16	16	7	6
NBC_01247	CP108482	12	12	2	2
NBC_01247	CP108483	17	15	15	rejected
NBC_01250	CP108476	120	117	1233	1
NBC_01265	CP108460	rejected	12	rejected	rejected
NBC_01265	CP108461	14	13	rejected	rejected
NBC_01266	CP108458	12	12	rejected	rejected
NBC_01266	CP108459	12	rejected	rejected	rejected
NBC_01300	CP108408	14	14	12	12
NBC_01300	CP108409	14	14	12	12
NBC_01300	CP108410	16	16	26	10
NBC_01300	CP108411	120	124	2803	7099
NBC_01300	CP108412	126	114	rejected	rejected
NBC_01302	CP108404	13	13	5	5
NBC_01302	CP108405	13	13	rejected	1313
NBC_01302	CP108406	13	13	5	1
NBC_01519	CP109407	15	15	3555	3555
NBC_01519	CP109408	14	14	3011	3011
NBC_01519	CP109409	15	118	13	22937
NBC_01519	CP109410	148	138	rejected	rejected
NBC_01519	CP109411	120	12	18033	rejected
NBC_01539	CP109390	120	120	rejected	rejected
NBC_01555	CP109369	114	56	rejected	126
NBC_01560	CP109364	16	119	28	2786
NBC_00888	CP108784	rejected	rejected	12	12
NBC_00888	CP108785	rejected	rejected	12	12
NBC_00888	CP108786	103	108	926	5292
NBC_00888	CP108787	120	98	14737	rejected
NBC_00896	CP108776	rejected	rejected	12	10
NBC_00896	CP108777	rejected	rejected	11	15
NBC_00896	CP108778	rejected	rejected	rejected	rejected
