strain	replicon	left_ext	right_ext
NBC_00001	CP108322	48	7
NBC_00002	CP108321	3357	3347
NBC_00003	CP108318	rejected	9493
NBC_00003	CP108319	rejected	3119
NBC_00003	CP108320	2909	rejected
NBC_00005	CP108316	10	8
NBC_00005	CP108317	rejected	rejected
NBC_00008	CP108313	61	23
NBC_00008	CP108314	rejected	rejected
NBC_00008	CP108315	rejected	rejected
NBC_00009	CP108312	6	6
NBC_00012	CP108309	rejected	rejected
NBC_00012	CP108310	rejected	rejected
NBC_00012	CP108311	rejected	rejected
NBC_00015	CP108306	rejected	1
NBC_00015	CP108307	rejected	179
NBC_00015	CP108308	4509	4510
NBC_00016	CP108304	32	32
NBC_00016	CP108305	1	4
NBC_00017	CP108341	4	2
NBC_00019	CP108302	16	rejected
NBC_00019	CP108303	11	14
NBC_00022	CP108299	1273	6
NBC_00022	CP108300	3	3
NBC_00022	CP108301	rejected	rejected
NBC_00023	CP108339	2191	2188
NBC_00024	CP108298	rejected	rejected
NBC_00027	CP108295	4	23452
NBC_00027	CP108296	rejected	47365
NBC_00027	CP108297	30270	530
NBC_00028	CP108293	14	14
NBC_00028	CP108294	14	14
NBC_00029	CP108292	4	4
NBC_00035	CP108291	4	4
NBC_00040	CP108287	5	5
NBC_00040	CP108288	2	1
NBC_00041	CP108283	2410	rejected
NBC_00041	CP108284	6196	2407
NBC_00041	CP108286	1	rejected
NBC_00042	CP108281	2	rejected
NBC_00042	CP108282	5	1
NBC_00043	CP108276	2412	rejected
NBC_00043	CP108277	2411	2408
NBC_00043	CP108280	5	rejected
NBC_00044	CP108273	6	6
NBC_00044	CP108274	2	9
NBC_00044	CP108275	1	rejected
NBC_00045	CP108271	1232	rejected
NBC_00045	CP108272	1	7
NBC_00046	CP108268	rejected	rejected
NBC_00046	CP108269	8803	8805
NBC_00046	CP108270	rejected	rejected
NBC_00048	CP108266	1	rejected
NBC_00048	CP108267	7	4
NBC_00049	CP108264	rejected	49
NBC_00049	CP108265	3021	2450
NBC_00053	CP108261	rejected	3153
NBC_00053	CP108262	3127	rejected
NBC_00053	CP108263	3154	rejected
NBC_00055	CP108259	2	2
NBC_00055	CP108260	10	10
NBC_00056	CP108258	rejected	3
NBC_00057	CP108256	1	1
NBC_00057	CP108257	1	3
NBC_00060	CP108253	401	401
NBC_00060	CP108254	29	1
NBC_00060	CP108255	1	21590
NBC_00069	CP108249	6612	1
NBC_00073	CP108244	50	50
NBC_00073	CP108245	48	14
NBC_00073	CP108246	3	5
NBC_00075	CP108243	59	12
NBC_00076	CP108242	rejected	rejected
NBC_00077	CP108238	10876	10876
NBC_00077	CP108239	rejected	rejected
NBC_00077	CP108240	15	6544
NBC_00077	CP108241	6850	rejected
NBC_00079	CP108237	7	rejected
NBC_00080	CP108235	2	2
NBC_00080	CP108236	6	6
NBC_00081	CP108234	rejected	rejected
NBC_00082	CP108233	11	18
NBC_00084	CP108230	16	16
NBC_00084	CP108231	8	16
NBC_00084	CP108232	rejected	35
NBC_00087	CP108227	rejected	3
NBC_00087	CP108228	2	3
NBC_00088	CP108225	rejected	rejected
NBC_00088	CP108226	8	1
NBC_00090	CP108224	24	4
NBC_00093	CP108222	rejected	rejected
NBC_00093	CP108223	726	603
NBC_00096	CP108221	rejected	rejected
NBC_00099	CP108218	9	7
NBC_00099	CP108219	9	8
NBC_00101	CP108217	5	5
NBC_00104	CP108215	4	4
NBC_00105	CP108213	6	6
NBC_00105	CP108214	6	1481
NBC_00107	CP108207	614	612
NBC_00110	CP108206	10	4
NBC_00111	CP108203	2900	rejected
NBC_00111	CP108205	1	rejected
NBC_00114	CP108201	3	3
NBC_00116	CP108200	56	8
NBC_00117	CP108199	5	5
NBC_00118	CP108198	rejected	rejected
NBC_00119	CP108195	rejected	rejected
NBC_00119	CP108196	895	282
NBC_00119	CP108197	12614	rejected
NBC_00121	CP108194	6915	6915
NBC_00122	CP108191	26	2
NBC_00122	CP108192	5	5
NBC_00122	CP108193	23276	13
NBC_00123	CP108188	6	6
NBC_00123	CP108189	16	10
NBC_00123	CP108190	3	2
NBC_00125	CP108184	3	3
NBC_00125	CP108185	7	6
NBC_00131	CP108334	125	125
NBC_00131	CP108335	125	125
NBC_00131	CP108336	rejected	876
NBC_00133	CP108183	33	9
NBC_00134	CP108181	16	16
NBC_00135	CP108179	910	9
NBC_00135	CP108180	3	1342
NBC_00138	CP108177	37	4
NBC_00144	CP108175	50	7
NBC_00144	CP108176	7	rejected
NBC_00145	CP108174	1	rejected
NBC_00147	CP108172	6	6
NBC_00147	CP108173	3	3
NBC_00148	CP108169	3384	1
NBC_00150	CP130716	rejected	rejected
NBC_00150	CP130717	rejected	3
NBC_00156	CP108164	6	5
NBC_00158	CP108161	rejected	4
NBC_00158	CP108162	386	rejected
NBC_00158	CP108163	6	rejected
NBC_00161	CP108156	rejected	26
NBC_00161	CP108157	1219	14
NBC_00161	CP108159	3	8
NBC_00164	CP108153	4	4
NBC_00164	CP108154	1302	184
NBC_00165	CP108152	rejected	rejected
NBC_00168	CP108148	rejected	rejected
NBC_00169	CP108147	9	9
NBC_00171	CP108146	11	246
NBC_00172	CP108145	rejected	rejected
NBC_00178	CP108143	4	rejected
NBC_00178	CP108144	4	2
NBC_00179	CP108142	rejected	rejected
NBC_00180	CP108140	2	2
NBC_00184	CP108137	63	rejected
NBC_00184	CP108138	846	1864
NBC_00184	CP108139	1380	rejected
NBC_00185	CP108135	1	1
NBC_00185	CP108136	1	4
NBC_00187	CP108333	rejected	2
NBC_00189	CP108133	2490	2510
NBC_00190	CP108131	5	6
NBC_00190	CP108132	5	4
NBC_00191	CP108130	6978	2674
NBC_00197	CP108128	rejected	rejected
NBC_00200	CP108127	rejected	rejected
NBC_00203	CP108126	4	4
NBC_00206	CP108125	140	140
NBC_00207	CP130715	2	2
NBC_00208	CP108123	5	5
NBC_00209	CP108121	5	rejected
NBC_00209	CP108122	5	3
NBC_00210	CP108120	12	12
NBC_00211	CP108118	69	1
NBC_00211	CP108119	2528	2533
NBC_00212	CP108115	5	6
NBC_00212	CP108116	5	rejected
NBC_00215	CP108114	1	1
NBC_00217	CP108113	3	4
NBC_00220	CP108111	rejected	rejected
NBC_00221	CP108345	1318	1344
NBC_00223	CP108109	32	43
NBC_00224	CP108106	rejected	rejected
NBC_00224	CP108107	rejected	rejected
NBC_00224	CP108108	8374	rejected
NBC_00225	CP108105	1	1
NBC_00226	CP108103	rejected	rejected
NBC_00228	CP108102	rejected	rejected
NBC_00236	CP108100	1858	1860
NBC_00238	CP108344	1	2
NBC_00239	CP108095	rejected	rejected
NBC_00239	CP108096	rejected	rejected
NBC_00239	CP108097	rejected	1
NBC_00247	CP108093	rejected	rejected
NBC_00248	CP108090	35	35
NBC_00248	CP108091	8	rejected
NBC_00250	CP108088	2	rejected
NBC_00250	CP108089	4	1
NBC_00252	CP108087	rejected	rejected
NBC_00257	CP108082	16	7
NBC_00257	CP108083	58	3
NBC_00258	CP108081	4	4
NBC_00259	CP108080	50	50
NBC_00261	CP108079	rejected	rejected
NBC_00267	CP108076	5	7
NBC_00267	CP108078	42482	rejected
NBC_00269	CP108075	rejected	rejected
NBC_00270	CP108073	65	63
NBC_00270	CP108074	2	rejected
NBC_00271	CP108070	2	rejected
NBC_00271	CP108071	rejected	25427
NBC_00271	CP108072	24278	rejected
NBC_00272	CP108068	253	245
NBC_00272	CP108069	7	rejected
NBC_00273	CP108067	4	4
NBC_00277	CP108065	12	12
NBC_00277	CP108066	6	6
NBC_00278	CP108062	8	8
NBC_00278	CP108063	2	4
NBC_00278	CP108064	8	10
NBC_00280	CP108059	3	rejected
NBC_00280	CP108060	rejected	rejected
NBC_00280	CP108061	14	443
NBC_00283	CP108057	rejected	14
NBC_00283	CP108058	499	rejected
NBC_00285	CP108055	1810	1837
NBC_00286	CP108054	28	9
NBC_00287	CP108053	35	44
NBC_00288	CP108052	967	916
NBC_00289	CP108046	2	rejected
NBC_00289	CP108047	rejected	1
NBC_00289	CP108048	rejected	33
NBC_00289	CP108049	1	3363
NBC_00289	CP108050	4	1
NBC_00289	CP108051	441	51
NBC_00293	CP108342	2	2
NBC_00299	CP108039	64	14
NBC_00299	CP108040	7	7
NBC_00302	CP108038	43	2
NBC_00303	CP108036	1	1
NBC_00304	CP108033	7	4
NBC_00304	CP108034	1	1
NBC_00304	CP108035	1	1
NBC_00306	CP108032	3	2
NBC_00310	CP130714	3	3
NBC_00311	CP108030	430	431
NBC_00314	CP108029	9	37
NBC_00316	CP108023	2	2
NBC_00316	CP108024	7	1
NBC_00322	CP108019	2231	2224
NBC_00324	CP108016	3	3
NBC_00324	CP108017	260	3
NBC_00324	CP108018	1	442
NBC_00328	CP108013	1	1
NBC_00333	CP108011	7	7
NBC_00334	CP108008	4	2239
NBC_00334	CP108009	2246	166
NBC_00335	CP108006	rejected	6
NBC_00335	CP108007	193	13
NBC_00337	CP108005	15	30
NBC_00342	CP107999	3	3494
NBC_00342	CP108000	305	317
NBC_00342	CP108001	1	103
NBC_00343	CP107998	3	3
NBC_00344	CP107996	7	2
NBC_00344	CP107997	6	1
NBC_00349	CP107989	26	12
NBC_00349	CP107990	2	4
NBC_00349	CP107991	3381	19518
NBC_00349	CP107993	68111	9
NBC_00350	CP107986	329	349
NBC_00350	CP107987	9	4
NBC_00353	CP107985	1	rejected
NBC_00354	CP107983	804	8095
NBC_00354	CP107984	803	rejected
NBC_00356	CP107981	1	1
NBC_00357	CP107977	2810	920
NBC_00357	CP107978	42	42
NBC_00358	CP107976	6953	4
NBC_00363	CP107972	6	6
NBC_00366	CP107971	2249	26
NBC_00370	CP107968	4	1548
NBC_00371	CP107967	2	2
NBC_00375	CP107963	rejected	3
NBC_00376	CP107960	14	rejected
NBC_00376	CP107961	14	rejected
NBC_00376	CP107962	rejected	rejected
NBC_00377	CP107958	26	2
NBC_00379	CP107957	1	2
NBC_00381	CP107955	8	8
NBC_00383	CP107952	4	4
NBC_00386	CP107950	1	2
NBC_00388	CP107948	rejected	1950
NBC_00388	CP107949	3	2
NBC_00390	CP107945	3139	3157
NBC_00391	CP107944	84	84
NBC_00400	CP107940	9	12
NBC_00414	CP107935	9	13
NBC_00415	CP107933	16	16
NBC_00425	CP107928	1	1
NBC_00433	CP107926	rejected	rejected
NBC_00435	CP107924	rejected	rejected
NBC_00435	CP107925	5	rejected
NBC_00440	CP107921	5	22
NBC_00440	CP107922	5	4
NBC_00441	CP107919	519	rejected
NBC_00441	CP107920	2	2
NBC_00442	CP107918	4397	4399
NBC_00443	CP107917	823	2114
NBC_00444	CP107916	1	1
NBC_00445	CP107914	1	1
NBC_00445	CP107915	rejected	rejected
NBC_00448	CP107913	12	80
NBC_00450	CP107911	3681	5519
NBC_00453	CP107910	rejected	rejected
NBC_00454	CP107907	rejected	rejected
NBC_00454	CP107909	rejected	rejected
NBC_00455	CP109337	21	15
NBC_00455	CP109338	rejected	6
NBC_00456	CP107906	11	11
NBC_00457	CP107905	1	1
NBC_00459	CP107903	36	19
NBC_00461	CP107902	12	12
NBC_00464	CP107899	rejected	rejected
NBC_00464	CP107900	rejected	rejected
NBC_00464	CP107901	2	rejected
NBC_00466	CP107896	20786	rejected
NBC_00466	CP107897	rejected	1
NBC_00466	CP107898	3964	20686
NBC_00467	CP107894	2	2
NBC_00467	CP107895	rejected	2
NBC_00470	CP107889	1	1
NBC_00470	CP107890	1	rejected
NBC_00470	CP107891	5	1506
NBC_00471	CP107887	18	18
NBC_00471	CP107888	rejected	rejected
NBC_00472	CP107885	60	30
NBC_00475	CP107884	8	8
NBC_00478	CP108343	22	3
NBC_00480	CP107883	9	9
NBC_00483	CP107880	rejected	46
NBC_00484	CP107879	1	1
NBC_00485	CP107878	4558	7380
NBC_00487	CP107877	6	6
NBC_00488	CP107871	1	18
NBC_00488	CP107872	1	rejected
NBC_00488	CP107873	10	393
NBC_00488	CP107875	2	2
NBC_00488	CP107876	rejected	1433
NBC_00489	CP108330	407	396
NBC_00490	CP107869	2	3
NBC_00490	CP107870	11	3188
NBC_00493	CP107867	3	3
NBC_00493	CP107868	8	7970
NBC_00494	CP107866	3	3
NBC_00496	CP107865	2	2
NBC_00497	CP107863	3	3
NBC_00497	CP107864	1	7
NBC_00498	CP107862	1960	1961
NBC_00499	CP107861	2	2
NBC_00500	CP107860	3	3
NBC_00501	CP107858	63	rejected
NBC_00501	CP107859	rejected	1
NBC_00502	CP107857	5	8
NBC_00503	CP107855	1	rejected
NBC_00503	CP107856	1	2
NBC_00504	CP108329	2854	5927
NBC_00510	CP107851	2	2
NBC_00513	CP107845	138	138
NBC_00513	CP107846	6	12
NBC_00513	CP107847	138	9
NBC_00514	CP107844	rejected	rejected
NBC_00515	CP107841	2	2
NBC_00519	CP107839	rejected	rejected
NBC_00520	CP107838	rejected	rejected
NBC_00521	CP108326	535	523
NBC_00522	CP108325	66	6
NBC_00523	CP107836	5	4333
NBC_00523	CP107837	7	2
NBC_00525	CP107834	6969	5086
NBC_00525	CP107835	rejected	18
NBC_00535	CP107823	10	11
NBC_00535	CP107824	4	5
NBC_00536	CP107819	1	3
NBC_00536	CP107820	14	3
NBC_00538	CP107813	1	1
NBC_00538	CP107814	8	8
NBC_00538	CP107815	2	2
NBC_00538	CP107816	rejected	2
NBC_00539	CP107811	4	11
NBC_00539	CP107812	23	5
NBC_00541	CP107809	1	1
NBC_00554	CP107799	224	rejected
NBC_00554	CP107800	901	5569
NBC_00556	CP107798	2	3
NBC_00557	CP107796	4	rejected
NBC_00557	CP107797	4	4
NBC_00558	CP107793	5	5
NBC_00558	CP107794	19	5
NBC_00558	CP107795	rejected	1
NBC_00562	CP107791	1	1
NBC_00564	CP107786	rejected	rejected
NBC_00564	CP107787	rejected	rejected
NBC_00564	CP107788	12673	rejected
NBC_00564	CP107789	rejected	rejected
NBC_00564	CP107790	rejected	rejected
NBC_00566	CP107784	35	30
NBC_00569	CP107783	9	9
NBC_00573	CP107782	8	8
NBC_00576	CP107780	1	1
NBC_00582	CP107772	1	rejected
NBC_00582	CP107773	9	3
NBC_00586	CP107768	10	24
NBC_00587	CP107766	785	770
NBC_00588	CP107765	215	215
NBC_00589	CP107764	2692	2876
NBC_00590	CP107762	7	847
NBC_00590	CP107763	1	rejected
NBC_00591	CP107761	2232	4
NBC_00594	CP107760	5	5
NBC_00595	CP108324	64	4
NBC_00597	CP107758	rejected	24
NBC_00597	CP107759	19475	26817
NBC_00598	CP107755	12	3
NBC_00616	CP108323	1	1
NBC_00618	CP107750	1	1
NBC_00622	CP107749	21	6585
NBC_00623	CP107748	2	2
NBC_00624	CP107746	1	rejected
NBC_00624	CP107747	1137	14
NBC_00625	CP107742	4	4
NBC_00626	CP107741	1	1
NBC_00630	CP107735	6	6
NBC_00630	CP107736	6	6
NBC_00630	CP107737	6	72
NBC_00630	CP107738	3332	820
NBC_00630	CP107739	1080	4
NBC_00631	CP107734	2700	5509
NBC_00632	CP107733	3	3
NBC_00633	CP107731	7	7
NBC_00633	CP107732	9	rejected
NBC_00634	CP107730	83	3085
NBC_00635	CP130731	9	9
NBC_00636	CP109050	15	15
NBC_00637	CP109046	3	3
NBC_00637	CP109047	rejected	rejected
NBC_00637	CP109048	8	1
NBC_00637	CP109049	3	8
NBC_00641	CP109044	3267	3268
NBC_00641	CP109045	21	5
NBC_00642	CP130729	12	12
NBC_00643	CP130728	11	11
NBC_00645	CP109041	727	727
NBC_00647	CP109040	rejected	rejected
NBC_00648	CP109038	25	rejected
NBC_00648	CP109039	1708	16
NBC_00649	CP109037	469	469
NBC_00651	CP109034	1	1
NBC_00651	CP109035	rejected	1
NBC_00656	CP109033	2	2
NBC_00658	CP109032	rejected	rejected
NBC_00659	CP109031	rejected	rejected
NBC_00661	CP109030	31	13
NBC_00663	CP109027	10	14
NBC_00663	CP109028	rejected	2
NBC_00664	CP109025	2	rejected
NBC_00664	CP109026	280	rejected
NBC_00666	CP109024	22	36
NBC_00667	CP109022	rejected	rejected
NBC_00667	CP109023	rejected	rejected
NBC_00668	CP109019	rejected	rejected
NBC_00668	CP109020	253	rejected
NBC_00669	CP109018	11	522
NBC_00670	CP109017	27	1222
NBC_00683	CP109013	10	10
NBC_00685	CP109012	1	1
NBC_00686	CP109011	161	161
NBC_00690	CP109009	1	rejected
NBC_00690	CP109010	1	6
NBC_00691	CP109007	rejected	3
NBC_00691	CP109008	1401	rejected
NBC_00696	CP109004	1	1
NBC_00701	CP109003	26	26
NBC_00704	CP109000	1057	5
NBC_00704	CP109001	13644	rejected
NBC_00704	CP109002	14818	6
NBC_00708	CP108997	26	1
NBC_00708	CP108998	rejected	rejected
NBC_00708	CP108999	rejected	2
NBC_00710	CP108995	rejected	rejected
NBC_00711	CP108994	5	5
NBC_00712	CP108993	5	5
NBC_00713	CP108992	32	1
NBC_00715	CP108990	2	1
NBC_00715	CP108991	rejected	3
NBC_00722	CP108989	rejected	rejected
NBC_00723	CP108987	2	2
NBC_00723	CP108988	rejected	rejected
NBC_00724	CP108985	1	1
NBC_00724	CP108986	11	1
NBC_00726	CP108983	rejected	8
NBC_00726	CP108984	936	rejected
NBC_00727	CP108981	32	1
NBC_00727	CP108982	32	1
NBC_00728	CP108980	rejected	rejected
NBC_00731	CP108978	7	7
NBC_00734	CP108974	8	225
NBC_00735	CP108971	3	3
NBC_00775	CP108938	2	2
NBC_00805	CP108895	7	43
NBC_00820	CP108882	3	3
NBC_00822	CP108878	8819	543
NBC_00822	CP108879	1930	8
NBC_00825	CP108876	933	1336
NBC_00825	CP108877	26	19
NBC_00826	CP108873	1353	1770
NBC_00826	CP108874	2	rejected
NBC_00826	CP108875	1860	1768
NBC_00827	CP108872	rejected	rejected
NBC_00828	CP130727	rejected	rejected
NBC_00829	CP108867	12	12
NBC_00829	CP108868	rejected	rejected
NBC_00829	CP108869	24484	rejected
NBC_00831	CP108864	3485	26
NBC_00831	CP108865	rejected	rejected
NBC_00832	CP108863	rejected	rejected
NBC_00835	CP108861	1651	1659
NBC_00835	CP108862	1649	rejected
NBC_00836	CP108858	5	5
NBC_00836	CP108859	5	5
NBC_00836	CP108860	rejected	rejected
NBC_00838	CP108857	55	43
NBC_00839	CP108856	rejected	rejected
NBC_00842	CP108850	3	3
NBC_00843	CP108849	37	rejected
NBC_00846	CP108846	rejected	5
NBC_00846	CP108847	9	32
NBC_00851	CP108840	1711	rejected
NBC_00851	CP108841	1533	rejected
NBC_00851	CP108842	931	12231
NBC_00853	CP108837	rejected	rejected
NBC_00853	CP108838	rejected	rejected
NBC_00853	CP108839	4	32
NBC_00856	CP108832	rejected	rejected
NBC_00857	CP108829	6507	6504
NBC_00857	CP108830	17435	2472
NBC_00857	CP108831	1	34377
NBC_00859	CP108826	9	9
NBC_00865	CP108820	1	4
NBC_00865	CP108821	7	7
NBC_00866	CP108818	9	9
NBC_00866	CP108819	1	42
NBC_00867	CP108817	rejected	rejected
NBC_00868	CP108814	1	rejected
NBC_00868	CP108815	rejected	3
NBC_00868	CP108816	5	3
NBC_00869	CP108812	2	1
NBC_00869	CP108813	1	6
NBC_00870	CP108810	682	950
NBC_00870	CP108811	3	1
NBC_00871	CP108808	1701	3034
NBC_00872	CP108806	2	49
NBC_00872	CP108807	16456	1039
NBC_00873	CP108803	6	6
NBC_00876	CP108800	rejected	42
NBC_00876	CP108801	42	rejected
NBC_00879	CP108799	9	10
NBC_00882	CP108797	10	10
NBC_00885	CP108796	2205	4501
NBC_00886	CP108792	5	5
NBC_00886	CP108793	615	692
NBC_00886	CP108795	rejected	rejected
NBC_00887	CP108788	3	3
NBC_00887	CP108789	181	6
NBC_00887	CP108790	7	8
NBC_00887	CP108791	20448	21481
NBC_00890	CP108781	12	11
NBC_00890	CP108782	6	rejected
NBC_00891	CP108779	35	32
NBC_00891	CP108780	3	21
NBC_00899	CP108773	455	478
NBC_00899	CP108774	347	124
NBC_00909	CP108768	rejected	rejected
NBC_00909	CP108769	3	1
NBC_00909	CP108770	3	3
NBC_00909	CP108771	rejected	rejected
NBC_00909	CP108772	13	5
NBC_00932	CP108765	26	14
NBC_00963	CP108745	6	3
NBC_00963	CP108746	6	7
NBC_00972	CP108743	5	5
NBC_00974	CP108741	rejected	rejected
NBC_00975	CP108737	8105	5
NBC_00975	CP108739	496	rejected
NBC_00975	CP108740	3405	10326
NBC_00984	CP108734	6	7
NBC_00984	CP108735	6	7
NBC_00984	CP108736	18	18
NBC_00986	CP108733	3	3
NBC_00987	CP108731	20	12
NBC_00987	CP108732	rejected	17
NBC_00988	CP108730	763	33
NBC_00989	CP108728	rejected	rejected
NBC_00989	CP108729	rejected	rejected
NBC_00990	CP108726	833	834
NBC_00995	CP108724	rejected	rejected
NBC_00995	CP108725	896	3089
NBC_00996	CP108723	5	5
NBC_00998	CP108720	1	rejected
NBC_00998	CP108721	952	6
NBC_00998	CP108722	rejected	13017
NBC_00999	CP108718	6	5
NBC_00999	CP108719	42	1057
NBC_01001	CP108711	2526	827
NBC_01001	CP108712	4520	1813
NBC_01001	CP108713	784	714
NBC_01001	CP108714	rejected	4
NBC_01001	CP108715	1527	1286
NBC_01001	CP108716	23	1
NBC_01001	CP108717	4236	414
NBC_01002	CP108709	2	3
NBC_01002	CP108710	2	rejected
NBC_01003	CP108707	rejected	42
NBC_01003	CP108708	rejected	1
NBC_01004	CP109059	rejected	2
NBC_01004	CP109060	2	rejected
NBC_01005	CP108703	10	12
NBC_01005	CP108704	10	5
NBC_01006	CP108700	2	8
NBC_01006	CP108701	2	3
NBC_01006	CP108702	9	11
NBC_01010	CP108692	rejected	2
NBC_01010	CP108693	rejected	3
NBC_01010	CP108694	2	1
NBC_01011	CP108690	23875	23789
NBC_01011	CP108691	rejected	13693
NBC_01012	CP108688	7	1
NBC_01013	CP108687	6	1
NBC_01014	CP108685	1	2
NBC_01014	CP108686	4	1
NBC_01015	CP108684	24	60
NBC_01017	CP108683	6	6
NBC_01018	CP108682	33	2
NBC_01020	CP108681	1109	1110
NBC_01021	CP108676	rejected	rejected
NBC_01023	CP108671	91	91
NBC_01023	CP108672	24	24
NBC_01023	CP108673	265	383
NBC_01069	CP108670	4	11
NBC_01077	CP108669	2	2
NBC_01078	CP108664	11	5
NBC_01078	CP108665	rejected	6
NBC_01078	CP108666	rejected	rejected
NBC_01078	CP108667	3	5
NBC_01078	CP108668	4	92
NBC_01080	CP108661	11	1
NBC_01080	CP108662	1	rejected
NBC_01089	CP108660	2	2
NBC_01092	CP108659	3	3
NBC_01102	CP108654	1	1
NBC_01102	CP108655	1	16
NBC_01102	CP108657	3888	16
NBC_01103	CP108653	22	38
NBC_01104	CP108652	rejected	rejected
NBC_01106	CP108651	rejected	rejected
NBC_01108	CP108649	rejected	rejected
NBC_01110	CP108647	2	2
NBC_01116	CP108644	17934	1886
NBC_01116	CP108645	13810	2
NBC_01124	CP108643	7	7
NBC_01127	CP108642	rejected	rejected
NBC_01134	CP108640	3	4
NBC_01134	CP108641	rejected	16
NBC_01135	CP108638	55	32
NBC_01135	CP108639	2	rejected
NBC_01136	CP108632	rejected	rejected
NBC_01136	CP108633	2368	2368
NBC_01136	CP108634	4	1351
NBC_01136	CP108635	3	1
NBC_01137	CP108627	214	2
NBC_01137	CP108628	rejected	16
NBC_01137	CP108630	3	222
NBC_01139	CP108625	rejected	rejected
NBC_01147	CP108621	3	3
NBC_01147	CP108623	2	rejected
NBC_01157	CP108616	6	6
NBC_01157	CP108617	5	4
NBC_01157	CP108618	rejected	rejected
NBC_01157	CP108619	rejected	4
NBC_01157	CP108620	234	2
NBC_01166	CP108613	11	7
NBC_01166	CP108614	13	13
NBC_01167	CP108612	21233	6
NBC_01168	CP108611	3	3
NBC_01170	CP108610	rejected	14
NBC_01171	CP108609	3	3
NBC_01174	CP108605	25	25
NBC_01174	CP108606	rejected	rejected
NBC_01174	CP108608	2	2
NBC_01175	CP108602	11	27
NBC_01176	CP108600	12	12
NBC_01176	CP108601	144	128
NBC_01177	CP108595	7358	6629
NBC_01177	CP108598	7520	5802
NBC_01177	CP108599	6848	rejected
NBC_01178	CP108592	1	1
NBC_01178	CP108593	rejected	14
NBC_01178	CP108594	25	rejected
NBC_01180	CP108591	13	6448
NBC_01183	CP108589	8	3
NBC_01184	CP108588	49	25
NBC_01185	CP108587	4	4
NBC_01186	CP108585	2	23
NBC_01186	CP108586	rejected	3
NBC_01187	CP108582	23	23
NBC_01187	CP108583	3	2
NBC_01190	CP108580	401	2062
NBC_01191	CP108577	10963	10963
NBC_01191	CP108578	rejected	10957
NBC_01191	CP108579	rejected	2
NBC_01194	CP108575	5	5
NBC_01194	CP108576	1990	1990
NBC_01195	CP108573	rejected	rejected
NBC_01196	CP108571	1	rejected
NBC_01197	CP108569	rejected	rejected
NBC_01198	CP108568	6	21
NBC_01201	CP108565	13	3602
NBC_01201	CP108566	rejected	2
NBC_01205	CP108558	rejected	rejected
NBC_01205	CP108560	19770	rejected
NBC_01207	CP108554	1926	1926
NBC_01207	CP108555	rejected	2
NBC_01208	CP108551	1519	2230
NBC_01208	CP108553	rejected	rejected
NBC_01210	CP108549	15	15
NBC_01210	CP108550	69	2
NBC_01211	CP108546	2	9
NBC_01211	CP108547	4	3
NBC_01211	CP108548	4	1430
NBC_01212	CP108545	rejected	rejected
NBC_01213	CP108541	13	13
NBC_01213	CP108543	877	874
NBC_01213	CP108544	1566	416
NBC_01215	CP108540	4	3
NBC_01216	CP108677	28	2
NBC_01216	CP108678	rejected	rejected
NBC_01216	CP108679	11	13
NBC_01216	CP108680	7	7
NBC_01217	CP108538	7	7
NBC_01217	CP108539	5	rejected
NBC_01218	CP108536	7	7
NBC_01218	CP108537	964	966
NBC_01220	CP108531	4909	1
NBC_01220	CP108532	429	1
NBC_01220	CP108534	1760	2119
NBC_01224	CP108529	2	2
NBC_01224	CP108530	2	2
NBC_01228	CP108524	2	2
NBC_01228	CP108525	2	rejected
NBC_01228	CP108526	15	1
NBC_01230	CP108522	47	5
NBC_01230	CP108523	29	29
NBC_01231	CP108521	7458	52
NBC_01232	CP108518	93	93
NBC_01232	CP108519	rejected	996
NBC_01232	CP108520	93	rejected
NBC_01233	CP108514	7	5
NBC_01233	CP108515	rejected	1
NBC_01233	CP108517	17020	19671
NBC_01235	CP108513	1	21
NBC_01236	CP108512	73	673
NBC_01238	CP130722	8	7
NBC_01238	CP130723	rejected	rejected
NBC_01240	CP108497	5	5
NBC_01240	CP108499	1	rejected
NBC_01241	CP108494	rejected	rejected
NBC_01241	CP108495	46108	1
NBC_01243	CP108491	6855	rejected
NBC_01243	CP108492	5529	507
NBC_01243	CP108493	1887	4
NBC_01244	CP108488	rejected	rejected
NBC_01244	CP108489	rejected	1
NBC_01248	CP108477	13848	13849
NBC_01248	CP108478	12837	1535
NBC_01248	CP108479	rejected	241
NBC_01248	CP108480	rejected	41
NBC_01248	CP108481	rejected	rejected
NBC_01255	CP108474	rejected	5465
NBC_01255	CP108475	5	4
NBC_01256	CP108473	29	2
NBC_01259	CP108467	6	rejected
NBC_01259	CP108468	rejected	rejected
NBC_01259	CP108471	rejected	609
NBC_01260	CP108464	7	7
NBC_01260	CP108465	86	rejected
NBC_01260	CP108466	40	357
NBC_01261	CP108463	3	2
NBC_01262	CP108462	8147	8147
NBC_01267	CP108455	rejected	2
NBC_01267	CP108456	5	440
NBC_01267	CP108457	46	4
NBC_01268	CP108454	2008	903
NBC_01269	CP108452	14	2
NBC_01269	CP108453	rejected	3
NBC_01270	CP108451	15	rejected
NBC_01271	CP108450	9	rejected
NBC_01274	CP108447	14	25
NBC_01276	CP108442	rejected	3
NBC_01276	CP108443	rejected	rejected
NBC_01276	CP108444	6	6
NBC_01276	CP108445	12	658
NBC_01276	CP108446	4	649
NBC_01278	CP108439	54	50
NBC_01278	CP108440	50	47
NBC_01280	CP108438	rejected	rejected
NBC_01281	CP108435	10	10
NBC_01281	CP108436	18	18
NBC_01281	CP108437	22	rejected
NBC_01283	CP108430	rejected	rejected
NBC_01283	CP108431	rejected	rejected
NBC_01283	CP108432	rejected	rejected
NBC_01283	CP108433	rejected	rejected
NBC_01283	CP108434	rejected	rejected
NBC_01288	CP108427	87	99
NBC_01295	CP108422	3801	3785
NBC_01296	CP130720	1	1
NBC_01296	CP130721	rejected	1
NBC_01297	CP108419	8	8
NBC_01298	CP108414	rejected	1
NBC_01298	CP108416	2	rejected
NBC_01298	CP108417	1267	rejected
NBC_01299	CP108413	3	3
NBC_01304	CP109055	7	7
NBC_01304	CP109056	rejected	rejected
NBC_01304	CP109057	rejected	782
NBC_01310	CP108396	97	11
NBC_01310	CP108399	312	2
NBC_01317	CP108393	2	2
NBC_01318	CP108392	2	2
NBC_01320	CP108390	1	4
NBC_01320	CP108391	rejected	rejected
NBC_01321	CP108388	5368	rejected
NBC_01324	CP108385	rejected	rejected
NBC_01324	CP108386	rejected	rejected
NBC_01324	CP108387	rejected	rejected
NBC_01325	CP109051	rejected	8357
NBC_01325	CP109052	7	1
NBC_01328	CP108382	2	9
NBC_01331	CP108379	2	17
NBC_01331	CP108380	11	4
NBC_01332	CP108378	rejected	rejected
NBC_01333	CP108376	16	16
NBC_01334	CP130718	4	4
NBC_01334	CP130719	rejected	2
NBC_01335	CP108370	802	5583
NBC_01335	CP108371	rejected	rejected
NBC_01335	CP108373	33	662
NBC_01336	CP108369	rejected	rejected
NBC_01337	CP108368	2066	2060
NBC_01338	CP108367	1	1
NBC_01340	CP108365	2	2
NBC_01340	CP108366	44	1
NBC_01341	CP108364	1276	1268
NBC_01343	CP108362	65	16
NBC_01343	CP108363	10	61
NBC_01344	CP108361	11	9
NBC_01346	CP108360	11	2
NBC_01347	CP108359	rejected	rejected
NBC_01351	CP108356	7	7
NBC_01351	CP108357	5	5
NBC_01351	CP108358	4	rejected
NBC_01352	CP108354	1958	1959
NBC_01353	CP108352	15	4
NBC_01355	CP108351	968	701
NBC_01356	CP108350	rejected	rejected
NBC_01358	CP108349	3887	2514
NBC_01359	CP108347	3	3
NBC_01359	CP108348	rejected	1
NBC_01360	CP108346	rejected	rejected
NBC_01361	CP109589	13	rejected
NBC_01361	CP109590	13	1
NBC_01361	CP109591	9	9
NBC_01362	CP109586	81	83
NBC_01362	CP109587	80	77
NBC_01362	CP109588	2948	2921
NBC_01365	CP109583	49	3
NBC_01365	CP109584	23	3
NBC_01366	CP109581	1	1
NBC_01366	CP109582	rejected	rejected
NBC_01367	CP109580	rejected	rejected
NBC_01369	CP109575	rejected	rejected
NBC_01369	CP109576	20	5
NBC_01369	CP109577	rejected	rejected
NBC_01369	CP109578	85903	85626
NBC_01370	CP109574	4	2
NBC_01372	CP109571	256	253
NBC_01372	CP109572	rejected	rejected
NBC_01372	CP109573	12314	3
NBC_01374	CP109570	9	5
NBC_01378	CP109565	rejected	rejected
NBC_01383	CP109561	1067	1056
NBC_01383	CP109562	rejected	578
NBC_01384	CP109559	1	rejected
NBC_01384	CP109560	rejected	rejected
NBC_01386	CP109558	6	6
NBC_01387	CP109556	3	4
NBC_01387	CP109557	rejected	2
NBC_01390	CP109551	7415	3712
NBC_01391	CP109550	25	6
NBC_01393	CP109546	rejected	rejected
NBC_01396	CP109545	6	6
NBC_01401	CP109535	1	1
NBC_01409	CP109531	1275	1279
NBC_01410	CP109530	rejected	rejected
NBC_01411	CP109529	29	336
NBC_01414	CP109522	1	rejected
NBC_01414	CP109523	rejected	rejected
NBC_01417	CP109518	25	4
NBC_01417	CP109519	89	4
NBC_01418	CP109517	1952	1978
NBC_01419	CP109515	5624	36
NBC_01420	CP109513	1371	1353
NBC_01420	CP109514	11	6
NBC_01421	CP109511	19	rejected
NBC_01421	CP109512	3	5454
NBC_01422	CP109508	80	51
NBC_01422	CP109509	rejected	rejected
NBC_01423	CP109506	1533	1523
NBC_01423	CP109507	4	3
NBC_01426	CP109500	11	11
NBC_01426	CP109501	864	10
NBC_01426	CP109502	1	1
NBC_01426	CP109503	862	1
NBC_01426	CP109504	rejected	24898
NBC_01426	CP109505	1	rejected
NBC_01428	CP109499	9	9
NBC_01429	CP109599	2	3
NBC_01431	CP109496	8	7
NBC_01431	CP109497	3	7
NBC_01432	CP109495	5	rejected
NBC_01435	CP109492	14	rejected
NBC_01435	CP109493	14	rejected
NBC_01436	CP109491	1	1
NBC_01437	CP109490	rejected	rejected
NBC_01438	CP109489	19690	rejected
NBC_01439	CP109487	978	2610
NBC_01447	CP109483	1	1026
NBC_01450	CP109480	rejected	103
NBC_01450	CP109481	rejected	rejected
NBC_01450	CP109482	rejected	4369
NBC_01451	CP109479	3	3
NBC_01453	CP109478	5379	rejected
NBC_01454	CP109460	101	103
NBC_01454	CP109462	286	279
NBC_01454	CP109463	426	rejected
NBC_01455	CP109475	rejected	rejected
NBC_01455	CP109476	1	rejected
NBC_01455	CP109477	5165	1
NBC_01456	CP109455	487	478
NBC_01456	CP109456	1482	1463
NBC_01456	CP109457	rejected	rejected
NBC_01460	CP109473	10	7
NBC_01462	CP109470	rejected	rejected
NBC_01462	CP109471	rejected	rejected
NBC_01463	CP109468	221	172
NBC_01463	CP109469	1437	rejected
NBC_01465	CP109467	rejected	rejected
NBC_01471	CP109450	1	3
NBC_01471	CP109451	rejected	1
NBC_01471	CP109452	10	523
NBC_01475	CP109447	rejected	rejected
NBC_01476	CP109446	1713	rejected
NBC_01477	CP109445	7	7
NBC_01478	CP109444	33	33
NBC_01483	CP109438	2	2
NBC_01483	CP109439	rejected	rejected
NBC_01485	CP109435	rejected	rejected
NBC_01485	CP109436	8	322
NBC_01496	CP109429	rejected	rejected
NBC_01497	CP109427	9	9
NBC_01497	CP109428	9	9
NBC_01498	CP109598	4	rejected
NBC_01506	CP109422	rejected	rejected
NBC_01506	CP109424	rejected	16
NBC_01507	CP109421	6	rejected
NBC_01508	CP109419	10	9
NBC_01508	CP109420	1183	rejected
NBC_01511	CP109417	34	2
NBC_01515	CP109416	5	54
NBC_01516	CP109413	rejected	rejected
NBC_01516	CP109414	rejected	rejected
NBC_01516	CP109415	4	rejected
NBC_01518	CP130730	2	2
NBC_01520	CP109404	rejected	rejected
NBC_01520	CP109405	27	2
NBC_01520	CP109406	rejected	rejected
NBC_01522	CP109403	rejected	rejected
NBC_01523	CP109400	5	10
NBC_01523	CP109402	163	720
NBC_01525	CP109397	767	1883
NBC_01525	CP109398	1	18
NBC_01525	CP109399	12	2
NBC_01527	CP109395	4097	4097
NBC_01527	CP109396	rejected	1
NBC_01530	CP109394	rejected	rejected
NBC_01536	CP109393	4	5
NBC_01537	CP109392	rejected	rejected
NBC_01538	CP109391	2	2
NBC_01542	CP109389	27	2
NBC_01543	CP109387	5	3
NBC_01543	CP109388	5	rejected
NBC_01544	CP109384	10	3
NBC_01544	CP109385	11	11
NBC_01545	CP109381	1564	rejected
NBC_01545	CP109382	2238	2240
NBC_01546	CP109379	rejected	rejected
NBC_01546	CP109380	rejected	rejected
NBC_01547	CP109377	2	2
NBC_01547	CP109378	1546	rejected
NBC_01550	CP109376	1	3336
NBC_01552	CP109375	6	1
NBC_01553	CP109370	rejected	rejected
NBC_01553	CP109371	6	rejected
NBC_01553	CP109372	rejected	225
NBC_01553	CP109373	827	rejected
NBC_01556	CP109368	2	2
NBC_01562	CP109356	7	7
NBC_01562	CP109357	3227	5
NBC_01562	CP109358	rejected	rejected
NBC_01562	CP109359	1	1
NBC_01562	CP109360	7	3
NBC_01562	CP109361	rejected	284
NBC_01562	CP109362	7495	rejected
NBC_01562	CP109363	10591	rejected
NBC_01563	CP109354	4254	1629
NBC_01563	CP109355	rejected	rejected
NBC_01564	CP109352	27	29
NBC_01568	CP109349	rejected	rejected
NBC_01568	CP109350	2	5
NBC_01576	CP109347	6	10
NBC_01576	CP109348	rejected	rejected
NBC_01578	CP109346	rejected	rejected
NBC_01579	CP109344	rejected	rejected
NBC_01579	CP109345	2	rejected
NBC_01581	CP109343	8	7
NBC_01582	CP109341	4	rejected
NBC_01582	CP109342	rejected	9
NBC_01584	CP109339	1910	88
NBC_01586	CP109334	72	754
NBC_01589	CP109333	rejected	rejected
NBC_01590	CP109330	rejected	rejected
NBC_01590	CP109331	rejected	1
NBC_01592	CP109323	55	34
NBC_01592	CP109324	4249	37621
NBC_01592	CP109325	48148	rejected
NBC_01592	CP109326	rejected	1195
NBC_01594	CP109322	rejected	rejected
NBC_01595	CP109320	2	1
NBC_01595	CP109321	rejected	rejected
NBC_01597	CP109319	rejected	rejected
NBC_01598	CP109317	1	1
NBC_01598	CP109318	1	1
NBC_01601	CP109314	2	2
NBC_01601	CP109315	1	30
NBC_01602	CP109313	rejected	rejected
NBC_01604	CP109312	5	5
NBC_01606	CP109309	10	24
NBC_01606	CP109310	56	rejected
NBC_01606	CP109311	25	466
NBC_01607	CP109308	rejected	1
NBC_01612	CP109304	1	1
NBC_01613	CP109303	rejected	rejected
NBC_01614	CP109302	1	1
NBC_01615	CP109301	1	rejected
NBC_01617	CP109298	1	1
NBC_01618	CP109297	3	3
NBC_01620	CP109296	75	3
NBC_01621	CP109294	9	rejected
NBC_01621	CP109295	rejected	3
NBC_01622	CP109293	11	4121
NBC_01624	CP109290	770	775
NBC_01624	CP109291	824	1
NBC_01625	CP109287	36	37
NBC_01626	CP109283	78	14
NBC_01626	CP109284	rejected	3
NBC_01627	CP109281	3	11
NBC_01627	CP109282	2	rejected
NBC_01629	CP109280	5239	807
NBC_01630	CP109279	2	1
NBC_01635	CP109277	2	2
NBC_01635	CP109278	13532	10047
NBC_01636	CP109275	27	13
NBC_01636	CP109276	rejected	32691
NBC_01637	CP109274	rejected	rejected
NBC_01640	CP109270	rejected	rejected
NBC_01640	CP109271	rejected	rejected
NBC_01641	CP109268	10	3
NBC_01641	CP109269	rejected	11
NBC_01643	CP109266	7	7
NBC_01643	CP109267	7	7
NBC_01646	CP109264	117	117
NBC_01648	CP109262	34	4
NBC_01648	CP109263	10	3
NBC_01650	CP109258	3	14
NBC_01650	CP109259	12	2409
NBC_01650	CP109260	1	rejected
NBC_01650	CP109261	6	485
NBC_01651	CP109256	4	4
NBC_01651	CP109257	rejected	5
NBC_01652	CP109255	5	6
NBC_01653	CP109254	rejected	rejected
NBC_01654	CP109252	5	4
NBC_01654	CP109253	4	99
NBC_01657	CP109249	42	42
NBC_01657	CP109250	42	42
NBC_01658	CP109245	1	2
NBC_01658	CP109246	1	10
NBC_01658	CP109248	2	10
NBC_01661	CP109243	1308	28
NBC_01661	CP109244	8	1378
NBC_01662	CP109242	2102	3383
NBC_01664	CP109238	47	13
NBC_01664	CP109239	455	6
NBC_01665	CP109235	15	2
NBC_01665	CP109237	6	3
NBC_01666	CP109234	4	4
NBC_01667	CP109233	2	2
NBC_01668	CP109228	802	38
NBC_01668	CP109229	rejected	26170
NBC_01668	CP109230	11246	rejected
NBC_01668	CP109231	rejected	25127
NBC_01668	CP109232	26529	29998
NBC_01671	CP109226	10	7
NBC_01671	CP109227	1	7
NBC_01673	CP109224	14	8
NBC_01675	CP109594	1	3
NBC_01675	CP109595	rejected	11
NBC_01676	CP109222	rejected	rejected
NBC_01676	CP109223	rejected	rejected
NBC_01677	CP109220	24	24
NBC_01677	CP109221	24	rejected
NBC_01678	CP109453	403	403
NBC_01678	CP109454	403	403
NBC_01679	CP109215	rejected	rejected
NBC_01679	CP109216	rejected	rejected
NBC_01679	CP109218	3	280
NBC_01679	CP109219	57	280
NBC_01680	CP109212	1	1
NBC_01683	CP109211	38	99
NBC_01684	CP109210	6	2
NBC_01685	CP109209	rejected	rejected
NBC_01686	CP109207	4	4
NBC_01686	CP109208	52	14
NBC_01687	CP109205	3	6
NBC_01687	CP109206	6	3
NBC_01689	CP109592	rejected	rejected
NBC_01692	CP109203	20	27
NBC_01692	CP109204	rejected	6
NBC_01693	CP109202	3646	3662
NBC_01694	CP109201	rejected	1
NBC_01696	CP109200	61	99
NBC_01701	CP109197	rejected	1
NBC_01701	CP109198	rejected	1
NBC_01703	CP109194	1792	1792
NBC_01703	CP109195	1792	1792
NBC_01706	CP109193	74	76
NBC_01707	CP109190	14	1464
NBC_01707	CP109191	9224	9278
NBC_01707	CP109192	18147	rejected
NBC_01708	CP109188	1517	5006
NBC_01708	CP109189	1487	5
NBC_01711	CP109184	rejected	rejected
NBC_01711	CP109185	rejected	rejected
NBC_01714	CP109183	4	4
NBC_01715	CP109182	9	9
NBC_01716	CP109181	3	3
NBC_01717	CP109178	8551	8537
NBC_01717	CP109179	382	43
NBC_01718	CP109174	2280	112
NBC_01718	CP109175	rejected	rejected
NBC_01718	CP109176	rejected	rejected
NBC_01718	CP109177	rejected	rejected
NBC_01722	CP109173	1	rejected
NBC_01723	CP109171	2	2
NBC_01724	CP109169	2	2
NBC_01724	CP109170	46	28
NBC_01725	CP109167	44	48
NBC_01725	CP109168	2	807
NBC_01727	CP109163	25	8
NBC_01727	CP109164	28048	16002
NBC_01727	CP109165	18823	16940
NBC_01732	CP109157	13	13
NBC_01732	CP109158	18	14
NBC_01732	CP109160	9866	11
NBC_01732	CP109161	44335	1
NBC_01735	CP109154	rejected	rejected
NBC_01735	CP109155	3	4
NBC_01744	CP109148	rejected	rejected
NBC_01745	CP109146	2	14
NBC_01745	CP109147	5	14
NBC_01746	CP109144	rejected	rejected
NBC_01746	CP109145	3861	3862
NBC_01747	CP109142	rejected	3
NBC_01747	CP109143	17	rejected
NBC_01749	CP109140	4	6
NBC_01750	CP109137	13	9
NBC_01751	CP109136	2	2
NBC_01752	CP109135	rejected	rejected
NBC_01754	CP109132	3	3
NBC_01754	CP109133	rejected	6
NBC_01758	CP109127	100	12048
NBC_01759	CP109125	rejected	rejected
NBC_01759	CP109126	rejected	rejected
NBC_01760	CP109124	108	4463
NBC_01761	CP109123	6	6
NBC_01762	CP109122	1	1
NBC_01763	CP109121	rejected	rejected
NBC_01766	CP109118	rejected	25
NBC_01766	CP109119	2	rejected
NBC_01766	CP109120	rejected	198
NBC_01768	CP109115	3119	7
NBC_01768	CP109116	3121	1
NBC_01768	CP109117	2	3
NBC_01769	CP109114	3	3
NBC_01770	CP109112	3	4
NBC_01770	CP109113	2	5
NBC_01771	CP109109	1	10
NBC_01771	CP109110	10	10
NBC_01771	CP109111	8	985
NBC_01772	CP109108	3	3
NBC_01774	CP109106	91	10
NBC_01775	CP109104	52	48
NBC_01775	CP109105	51	rejected
NBC_01777	CP109102	4	4
NBC_01778	CP109097	29	7
NBC_01778	CP109098	1	7966
NBC_01778	CP109099	21823	30895
NBC_01778	CP109100	33009	26186
NBC_01778	CP109101	42576	rejected
NBC_01779	CP109095	3	1
NBC_01780	CP109094	rejected	rejected
NBC_01786	CP109091	rejected	8
NBC_01786	CP109092	2	1
NBC_01786	CP109093	3	8
NBC_01788	CP109090	53	44
NBC_01790	CP109088	rejected	rejected
NBC_01790	CP109089	70	rejected
NBC_01791	CP109085	rejected	rejected
NBC_01791	CP109086	1	rejected
NBC_01792	CP109083	6	8
NBC_01794	CP109081	rejected	1
NBC_01795	CP109079	45	21
NBC_01795	CP109080	546	rejected
NBC_01798	CP109077	13	5
NBC_01799	CP109076	rejected	rejected
NBC_01800	CP109075	65	65
NBC_01803	CP109073	9	13
NBC_01808	CP109072	2	3
NBC_00039	CP108289	11	rejected
NBC_00039	CP108290	rejected	11
NBC_00042	CP108281	2	rejected
NBC_00042	CP108282	5	1
NBC_00061	CP108252	378	3
NBC_00070	CP108247	rejected	rejected
NBC_00070	CP108248	1230	1224
NBC_00082	CP108233	11	18
NBC_00085	CP108229	3087	14
NBC_00106	CP108208	1851	1851
NBC_00106	CP108209	rejected	rejected
NBC_00106	CP108210	1823	1510
NBC_00185	CP108135	1	1
NBC_00185	CP108136	1	4
NBC_00222	CP108110	30	27
NBC_00315	CP108025	2116	2083
NBC_00315	CP108026	rejected	3
NBC_00374	CP107964	16	13
NBC_00374	CP107965	8	rejected
NBC_00374	CP107966	682	3277
NBC_00458	CP107904	rejected	3531
NBC_00845	CP109061	1	6139
NBC_00867	CP108817	rejected	rejected
NBC_01202	CP108562	6395	258
NBC_01202	CP108563	45	3
NBC_01202	CP108564	rejected	3
NBC_01203	CP108561	1642	3731
NBC_01246	CP108484	7	6
NBC_01247	CP108482	2	2
NBC_01247	CP108483	15	rejected
NBC_01250	CP108476	1233	1
NBC_01265	CP108460	rejected	rejected
NBC_01265	CP108461	rejected	rejected
NBC_01266	CP108458	rejected	rejected
NBC_01266	CP108459	rejected	rejected
NBC_01269	CP108452	14	2
NBC_01269	CP108453	rejected	3
NBC_01295	CP108422	3801	3785
NBC_01300	CP108408	12	12
NBC_01300	CP108409	12	12
NBC_01300	CP108410	26	10
NBC_01300	CP108411	2803	7099
NBC_01300	CP108412	rejected	rejected
NBC_01302	CP108404	5	5
NBC_01302	CP108405	rejected	1313
NBC_01302	CP108406	5	1
NBC_01344	CP108361	11	9
NBC_01347	CP108359	rejected	rejected
NBC_01355	CP108351	968	701
NBC_01519	CP109407	3555	3555
NBC_01519	CP109408	3011	3011
NBC_01519	CP109409	13	22937
NBC_01519	CP109410	rejected	rejected
NBC_01519	CP109411	18033	rejected
NBC_01539	CP109390	rejected	rejected
NBC_01552	CP109375	6	1
NBC_01555	CP109369	rejected	126
NBC_01560	CP109364	28	2786
NBC_01564	CP109352	27	29
NBC_00888	CP108784	12	12
NBC_00888	CP108785	12	12
NBC_00888	CP108786	926	5292
NBC_00888	CP108787	14737	rejected
NBC_00896	CP108776	12	10
NBC_00896	CP108777	11	15
NBC_00896	CP108778	rejected	rejected
